ID,Nama,Pekerjaan,Saldo,Personal Loan,Housing Loan,Marital,Campaign,Skor Probabilitas,Prediksi,Status,No Telepon,duration
96,Lutfi Utama,technician,740,no,yes,single,3,1.0,Hot Lead,pending,85283962698,334
704,Yuli Raharjo,management,3718,no,yes,married,1,1.0,Hot Lead,pending,82158695883,488
717,Haris Hidayat,management,9449,no,yes,single,1,1.0,Hot Lead,pending,85695905913,491
656,Budi Pradana,technician,741,no,yes,married,3,1.0,Hot Lead,pending,81173727579,334
321,Gina Aditya,technician,994,no,yes,married,3,1.0,Hot Lead,pending,81205214989,377
936,Vino Mahendra,technician,314,no,yes,divorced,1,1.0,Hot Lead,pending,81394382786,312
97,Udin Saputra,blue-collar,2580,no,yes,single,2,1.0,Hot Lead,pending,85253296216,312
769,Farah Eka,admin.,2378,no,yes,single,1,1.0,Hot Lead,pending,82156188818,493
596,Tono Ismail,management,3885,no,yes,divorced,1,1.0,Hot Lead,pending,82216240849,488
616,Julia Permana,technician,76,no,yes,single,1,1.0,Hot Lead,pending,85295845860,292
996,Lukman Ibrahim,blue-collar,647,no,yes,married,2,1.0,Hot Lead,pending,85371136416,266
954,Haris Kurniawan,blue-collar,647,no,yes,married,2,1.0,Hot Lead,pending,82378249231,343
556,Gunawan Raharjo,management,151,no,yes,single,1,1.0,Hot Lead,pending,81240351282,292
256,Budi Ramadan,management,417,no,yes,single,2,1.0,Hot Lead,pending,81199023846,312
291,Surya Suharto,admin.,2405,no,yes,divorced,1,1.0,Hot Lead,pending,82262853910,492
347,Olivia Suharto,management,168,no,yes,single,1,1.0,Hot Lead,pending,85223784216,313
968,Qonita Santoso,management,1526,no,yes,divorced,1,1.0,Hot Lead,pending,81337512354,543
444,Doni Setiawan,management,623,no,yes,single,2,1.0,Hot Lead,pending,81366882758,453
273,Sinta Bayu,management,486,yes,no,single,1,1.0,Hot Lead,pending,85334440150,266
926,Maya Ibrahim,management,372,yes,no,divorced,1,1.0,Hot Lead,pending,85224480064,266
288,Emma Wicaksono,technician,1511,no,yes,single,1,1.0,Hot Lead,pending,85358922314,500
73,Ika Budiman,services,1716,no,yes,single,1,1.0,Hot Lead,pending,82250439014,307
534,Made Budiman,admin.,3975,no,yes,divorced,2,1.0,Hot Lead,pending,81245071641,464
554,Krisna Sutanto,technician,2626,no,yes,married,3,1.0,Hot Lead,pending,81291876921,439
513,Anggi Rizki,management,1602,no,yes,single,3,1.0,Hot Lead,pending,81368594720,368
238,Reza Wicaksono,management,9756,no,yes,divorced,2,1.0,Hot Lead,pending,81198434731,489
327,Hana Laksana,technician,7766,no,yes,married,1,1.0,Hot Lead,pending,85292174034,536
421,Maya Budiman,management,519,no,yes,divorced,1,1.0,Hot Lead,pending,85296728750,255
956,Wahyu Maulana,admin.,2144,no,yes,divorced,1,1.0,Hot Lead,pending,85279340570,541
59,Made Wibowo,technician,2298,no,yes,divorced,1,1.0,Hot Lead,pending,85382166341,546
41,Evi Bayu,management,1335,yes,no,single,1,1.0,Hot Lead,pending,81330664410,541
247,Umi Permana,management,8262,no,yes,married,1,1.0,Hot Lead,pending,81278188702,502
615,Meylani Aditya,technician,1628,no,yes,single,2,1.0,Hot Lead,pending,81343364701,545
967,Ilham Pamungkas,management,806,no,yes,married,3,1.0,Hot Lead,pending,82164432027,350
599,Zella Maulana,management,1240,no,yes,single,2,0.9999,Hot Lead,pending,82121837348,538
390,Zaki Laksana,management,3544,no,yes,single,1,0.9999,Hot Lead,pending,81160228176,535
204,Galih Santoso,management,1515,no,yes,single,1,0.9999,Hot Lead,pending,81355538652,531
679,Gunawan Eka,management,794,no,yes,married,3,0.9999,Hot Lead,pending,82231679776,341
568,Wahyu Handoko,management,338,yes,no,single,1,0.9999,Hot Lead,pending,81236186970,317
366,Meylani Wijaya,blue-collar,1730,no,yes,married,2,0.9999,Hot Lead,pending,81213222066,296
458,Prita Gunawan,blue-collar,688,no,yes,married,2,0.9999,Hot Lead,pending,81398881690,334
323,Citra Yusuf,admin.,681,no,yes,single,2,0.9999,Hot Lead,pending,82215682871,404
621,Yessi Santoso,technician,1186,no,yes,single,1,0.9999,Hot Lead,pending,85228751080,498
382,Vina Handoko,technician,4367,no,yes,single,1,0.9999,Hot Lead,pending,81210896984,541
949,Cinta Rahman,blue-collar,616,no,yes,single,3,0.9999,Hot Lead,pending,81342567315,211
239,Agus Firmansyah,management,1247,no,yes,single,1,0.9999,Hot Lead,pending,82304544742,510
921,Uci Handoko,admin.,716,no,yes,single,3,0.9999,Hot Lead,pending,82347434509,310
511,Wulan Setiawan,admin.,111,no,yes,single,1,0.9999,Hot Lead,pending,85263451144,267
843,Eko Ibrahim,services,611,no,yes,married,2,0.9999,Hot Lead,pending,82236098797,270
342,Dedi Pamungkas,retired,708,no,yes,married,2,0.9999,Hot Lead,pending,82358347284,313
960,Julia Hendra,management,1007,no,yes,married,2,0.9999,Hot Lead,pending,85211053161,414
345,Rina Galih,blue-collar,1184,no,yes,single,2,0.9999,Hot Lead,pending,81353001419,261
372,Rudi Nugroho,management,944,yes,no,divorced,1,0.9999,Hot Lead,pending,82154264188,407
82,Fitri Maulana,blue-collar,648,no,yes,married,2,0.9999,Hot Lead,pending,81380174213,292
385,Ahmad Suryanto,management,574,no,yes,single,1,0.9999,Hot Lead,pending,81145344819,307
183,Diah Pamungkas,technician,1758,no,yes,single,1,0.9999,Hot Lead,pending,82154190635,494
536,Ika Kurniawan,management,145,no,yes,single,1,0.9999,Hot Lead,pending,82242368880,279
514,Udin Setiawan,management,1726,yes,no,married,3,0.9999,Hot Lead,pending,85360732559,301
254,Wahyu Dharma,management,570,no,yes,married,2,0.9999,Hot Lead,pending,85275506519,250
336,Maya Hakim,technician,7870,no,yes,married,2,0.9999,Hot Lead,pending,85243634755,438
766,Kiara Hermawan,technician,1301,no,yes,divorced,2,0.9999,Hot Lead,pending,82140150011,475
600,Kemal Galih,management,539,no,yes,divorced,1,0.9999,Hot Lead,pending,81333871962,247
20,Feni Wijaya,admin.,176,no,yes,married,1,0.9999,Hot Lead,pending,82261929372,312
313,Lukman Sutanto,management,10031,no,yes,married,2,0.9999,Hot Lead,pending,85356837728,487
577,Cinta Suryanto,management,1631,no,yes,married,2,0.9999,Hot Lead,pending,82317400132,487
763,Oki Jaya,admin.,1933,no,yes,married,1,0.9999,Hot Lead,pending,85262546449,436
507,Lutfi Permana,management,1004,yes,no,divorced,1,0.9999,Hot Lead,pending,81295564132,401
862,Lukman Wibowo,management,1129,no,yes,single,1,0.9999,Hot Lead,pending,81135499554,514
62,Wayan Handoko,technician,7876,no,yes,married,1,0.9999,Hot Lead,pending,85230055091,527
837,Elsa Yusuf,management,913,no,yes,married,3,0.9999,Hot Lead,pending,81369575988,367
516,Vino Dharma,blue-collar,1541,no,yes,married,2,0.9998,Hot Lead,pending,82250045000,257
473,Aditya Setiawan,admin.,775,no,yes,divorced,3,0.9998,Hot Lead,pending,85318944248,340
112,Oscar Anggara,blue-collar,614,no,yes,divorced,1,0.9998,Hot Lead,pending,85352160550,250
117,Feni Irawan,management,1550,no,yes,married,2,0.9998,Hot Lead,pending,82304149593,472
375,Evi Purnomo,management,4683,no,yes,single,2,0.9998,Hot Lead,pending,82380719684,487
727,Usman Purnomo,management,477,no,yes,married,1,0.9998,Hot Lead,pending,82162004636,253
716,Hani Irawan,management,8563,no,yes,married,1,0.9998,Hot Lead,pending,82108186021,448
295,Vina Pradana,management,1944,no,yes,married,2,0.9998,Hot Lead,pending,82234886374,474
957,Doni Rahman,management,685,no,yes,married,3,0.9998,Hot Lead,pending,82181838697,322
620,Firman Wibowo,management,376,no,yes,single,1,0.9998,Hot Lead,pending,82218231138,231
108,Julia Bayu,technician,4941,no,yes,married,1,0.9998,Hot Lead,pending,82212404392,500
662,Zella Wijaya,technician,4276,no,yes,divorced,3,0.9998,Hot Lead,pending,81163425333,314
359,Reza Suharto,management,323,yes,no,single,1,0.9998,Hot Lead,pending,82395500590,245
670,Tiara Jaya,technician,7696,no,yes,married,2,0.9998,Hot Lead,pending,82248090267,495
341,Lusi Darmawan,admin.,50,no,yes,married,1,0.9998,Hot Lead,pending,85363337584,308
424,Ayu Hermawan,admin.,1128,no,yes,divorced,2,0.9998,Hot Lead,pending,82133571342,540
531,Prita Putra,admin.,2,no,yes,married,1,0.9998,Hot Lead,pending,82325794773,307
753,Hesti Nugroho,technician,1630,no,yes,married,1,0.9998,Hot Lead,pending,82124375259,544
4,Rudi Raharjo,technician,4990,no,yes,single,1,0.9998,Hot Lead,pending,82115419938,544
574,Prita Wicaksono,blue-collar,2597,no,yes,single,1,0.9998,Hot Lead,pending,82373536805,319
982,Agus Anggara,technician,1120,no,yes,married,3,0.9998,Hot Lead,pending,82198090044,440
460,Lina Santoso,management,3,no,yes,married,1,0.9998,Hot Lead,pending,81328377633,327
85,Hadi Utama,management,1170,yes,no,married,3,0.9998,Hot Lead,pending,82338568972,308
606,Maulana Suryanto,management,385,no,yes,married,1,0.9998,Hot Lead,pending,82333295659,312
131,Gisela Rahman,technician,1328,no,yes,married,3,0.9997,Hot Lead,pending,85313156309,432
565,Muchtar Budiman,management,1496,no,yes,single,1,0.9997,Hot Lead,pending,81269957996,461
924,Ika Kurniawan,management,543,no,yes,married,3,0.9997,Hot Lead,pending,85610445233,103
140,Maya Bayu,technician,1844,no,yes,married,3,0.9997,Hot Lead,pending,81184214924,346
984,Tia Irawan,management,565,no,yes,single,1,0.9997,Hot Lead,pending,81373509966,337
402,Muchtar Bayu,management,396,yes,no,married,3,0.9997,Hot Lead,pending,82119072738,132
637,Dewi Fajar,management,1131,no,yes,single,2,0.9997,Hot Lead,pending,82273352435,469
377,Dina Handoko,admin.,1374,no,yes,single,2,0.9997,Hot Lead,pending,81105828155,546
672,Qomar Firmansyah,technician,262,no,yes,divorced,1,0.9997,Hot Lead,pending,81218937663,260
580,Dina Aditya,services,394,no,yes,divorced,1,0.9997,Hot Lead,pending,85641233088,121
31,Johan Wijaya,management,2173,no,yes,married,1,0.9997,Hot Lead,pending,81375678624,440
869,Nanda Mahendra,services,1192,no,yes,single,2,0.9997,Hot Lead,pending,85201915502,367
950,Iwan Hidayat,technician,12,no,yes,single,2,0.9997,Hot Lead,pending,81334647004,269
464,Vina Yusuf,technician,441,no,yes,divorced,1,0.9997,Hot Lead,pending,82387981331,225
147,Galih Wicaksono,admin.,7505,yes,yes,single,1,0.9997,Hot Lead,pending,81261831900,541
493,Rudi Maulana,technician,4582,no,yes,married,1,0.9996,Hot Lead,pending,81112811732,428
669,Budi Purnomo,technician,4,no,yes,married,1,0.9996,Hot Lead,pending,82283725145,311
93,Indah Hendra,technician,3322,no,yes,married,1,0.9996,Hot Lead,pending,85674695797,483
537,Johan Kurniawan,retired,2086,no,yes,divorced,2,0.9996,Hot Lead,pending,85672690274,394
791,Doni Rizki,admin.,3100,yes,no,divorced,2,0.9996,Hot Lead,pending,85676273719,459
718,Oscar Laksana,technician,1771,no,yes,single,2,0.9996,Hot Lead,pending,81378872615,502
873,Krisna Aditya,management,120,yes,no,single,1,0.9996,Hot Lead,pending,85222063059,316
358,Made Rizki,admin.,174,no,yes,divorced,1,0.9996,Hot Lead,pending,85695486501,262
795,Fajar Hakim,technician,1843,no,yes,married,1,0.9996,Hot Lead,pending,81327064999,470
187,Vino Ismail,blue-collar,1621,no,yes,single,1,0.9996,Hot Lead,pending,81111567682,318
850,Wulan Ibrahim,management,1646,yes,no,married,3,0.9996,Hot Lead,pending,82298856514,358
370,Oscar Kusuma,blue-collar,2631,no,yes,married,2,0.9996,Hot Lead,pending,85364949528,254
714,Johan Dharma,management,29,yes,no,married,1,0.9996,Hot Lead,pending,82331200668,298
752,Tia Fadillah,management,509,no,yes,single,1,0.9996,Hot Lead,pending,81370186198,227
664,Bella Darmawan,technician,6993,no,yes,married,1,0.9996,Hot Lead,pending,81193302938,510
118,Erlangga Hidayat,management,3576,no,yes,single,1,0.9996,Hot Lead,pending,81188068661,511
920,Gita Maulana,entrepreneur,290,no,yes,divorced,1,0.9996,Hot Lead,pending,85368087178,158
202,Fajar Dharma,technician,5006,no,yes,married,1,0.9995,Hot Lead,pending,82374409050,460
886,Oscar Sutanto,technician,102,no,yes,single,2,0.9995,Hot Lead,pending,85334176541,294
340,Kurnia Rizki,management,1756,no,yes,single,3,0.9995,Hot Lead,pending,85691244773,306
130,Eko Anggara,technician,2287,no,yes,divorced,1,0.9995,Hot Lead,pending,85257823019,515
437,Usman Maulana,entrepreneur,1190,no,yes,divorced,2,0.9995,Hot Lead,pending,85375771771,293
559,Sinta Permana,blue-collar,384,no,yes,single,1,0.9995,Hot Lead,pending,85697221104,88
793,Rudi Sutanto,management,1345,no,yes,single,3,0.9995,Hot Lead,pending,82209648226,338
405,Uci Permana,admin.,3913,no,yes,married,2,0.9995,Hot Lead,pending,85354195989,462
943,Qori Saputra,services,737,no,yes,married,2,0.9995,Hot Lead,pending,82149714883,331
454,Gina Utama,management,395,no,yes,married,3,0.9995,Hot Lead,pending,85352280110,106
607,Novi Pradana,management,503,no,yes,married,1,0.9995,Hot Lead,pending,85235698830,204
492,Nanda Pratama,admin.,546,no,yes,married,2,0.9994,Hot Lead,pending,85280125062,259
448,Zahra Permana,technician,4790,no,yes,married,2,0.9994,Hot Lead,pending,85696691073,495
412,Firman Firmansyah,management,157,no,yes,divorced,2,0.9994,Hot Lead,pending,81158378401,280
66,Bella Permana,admin.,769,no,yes,married,2,0.9994,Hot Lead,pending,85327970804,412
653,Sinta Aditya,blue-collar,1600,no,yes,married,2,0.9994,Hot Lead,pending,82198565990,350
771,Nanda Cahya,blue-collar,704,no,yes,married,2,0.9994,Hot Lead,pending,85697054847,324
472,Budi Anggara,services,759,no,yes,married,2,0.9994,Hot Lead,pending,82378359082,309
786,Diah Firmansyah,admin.,952,no,yes,divorced,1,0.9994,Hot Lead,pending,81255064818,436
18,Wahyu Rahman,management,1618,yes,yes,single,1,0.9994,Hot Lead,pending,81115466371,502
740,Nisa Nugroho,technician,5115,no,yes,married,2,0.9994,Hot Lead,pending,85287472860,408
408,Hesti Ismail,management,300,no,yes,single,1,0.9994,Hot Lead,pending,85350644946,323
814,Oscar Putra,management,375,no,yes,single,2,0.9994,Hot Lead,pending,82376769298,346
278,Ilham Gunawan,management,2308,no,yes,married,2,0.9994,Hot Lead,pending,81285432347,432
322,Doni Galih,blue-collar,1958,no,yes,married,1,0.9993,Hot Lead,pending,81301193324,259
215,Fajar Hendra,blue-collar,411,no,yes,single,1,0.9993,Hot Lead,pending,85341512213,166
880,Putri Laksana,technician,25,no,yes,single,1,0.9993,Hot Lead,pending,85385017788,308
738,Maya Aditya,retired,439,yes,no,divorced,1,0.9993,Hot Lead,pending,81167180923,82
311,Kiara Putra,management,4446,no,yes,married,1,0.9993,Hot Lead,pending,81369059945,523
433,Dewi Aditya,technician,283,no,yes,single,1,0.9993,Hot Lead,pending,85672958134,316
906,Bella Suryanto,management,6840,no,yes,single,2,0.9993,Hot Lead,pending,85231243998,530
918,Jesica Dharma,admin.,7400,no,yes,single,2,0.9993,Hot Lead,pending,82327206399,519
761,Jesica Budiman,technician,7951,yes,no,married,1,0.9993,Hot Lead,pending,85363128589,525
563,Diah Bayu,management,142,yes,no,single,1,0.9993,Hot Lead,pending,81377764004,227
380,Fajar Santoso,admin.,2061,yes,yes,married,1,0.9993,Hot Lead,pending,82225382327,436
895,Naufal Utama,management,289,no,yes,single,1,0.9993,Hot Lead,pending,81240986884,294
469,Muchtar Utama,technician,5214,no,yes,single,2,0.9992,Hot Lead,pending,82352060119,528
429,Chandra Rizki,management,1698,no,yes,married,1,0.9992,Hot Lead,pending,81320479332,503
544,Eko Jaya,technician,1646,no,yes,single,2,0.9992,Hot Lead,pending,82133018624,485
179,Fitri Maulana,technician,720,no,yes,married,3,0.9992,Hot Lead,pending,82105548728,383
884,Zaki Pamungkas,technician,3500,no,yes,single,1,0.9992,Hot Lead,pending,82176211995,447
900,Uci Permana,entrepreneur,2514,no,yes,divorced,2,0.9992,Hot Lead,pending,82379747630,252
597,Usman Irawan,management,377,no,yes,married,1,0.9992,Hot Lead,pending,81174006730,315
760,Putri Pamungkas,self-employed,1354,no,yes,divorced,2,0.9992,Hot Lead,pending,82185123697,267
410,Nisa Ibrahim,admin.,335,no,yes,divorced,1,0.9992,Hot Lead,pending,81106165506,291
396,Novi Santoso,blue-collar,381,no,yes,single,1,0.9991,Hot Lead,pending,81145127985,106
279,Bambang Eka,technician,5122,no,yes,single,1,0.9991,Hot Lead,pending,85232784456,533
767,Sinta Putra,technician,3184,no,yes,married,2,0.9991,Hot Lead,pending,81121470365,420
440,Hesti Pradana,entrepreneur,734,no,yes,single,1,0.9991,Hot Lead,pending,85366837491,281
132,Nanda Rahman,management,1355,no,yes,married,1,0.9991,Hot Lead,pending,82109627034,506
519,Anggi Hermawan,blue-collar,576,no,yes,married,2,0.9991,Hot Lead,pending,85269689198,144
320,Maya Susanto,blue-collar,739,no,yes,divorced,1,0.9991,Hot Lead,pending,82309693412,276
376,Reza Cahya,admin.,2552,yes,yes,married,1,0.9991,Hot Lead,pending,82266575851,531
12,Emma Putra,technician,284,no,yes,divorced,2,0.9991,Hot Lead,pending,81162284121,293
346,Erlangga Kurniawan,blue-collar,372,no,yes,single,1,0.999,Hot Lead,pending,81233335250,164
909,Winda Firmansyah,blue-collar,640,no,yes,married,2,0.999,Hot Lead,pending,82168116127,379
526,Rina Pratama,management,331,no,yes,single,3,0.999,Hot Lead,pending,85649572603,212
757,Kurnia Cahya,admin.,390,no,yes,single,1,0.999,Hot Lead,pending,82258974243,229
896,Tono Pamungkas,technician,563,no,yes,married,3,0.999,Hot Lead,pending,82253578772,174
127,Ahmad Ramadan,technician,1167,no,yes,married,1,0.999,Hot Lead,pending,85292066354,443
618,Olivia Galih,technician,2776,no,yes,married,2,0.999,Hot Lead,pending,85299094425,407
173,Fauzi Santoso,management,3163,no,yes,divorced,3,0.999,Hot Lead,pending,85287474538,447
654,Jaya Gunawan,management,93,no,yes,married,1,0.999,Hot Lead,pending,81390019826,259
289,Nico Setiawan,entrepreneur,624,yes,no,married,1,0.9989,Hot Lead,pending,85289958741,260
819,Winda Mahendra,services,505,no,yes,divorced,1,0.9989,Hot Lead,pending,81203735737,106
942,Usman Ismail,management,334,no,yes,single,3,0.9989,Hot Lead,pending,85666607852,160
462,Pandu Dharma,technician,175,no,yes,single,1,0.9989,Hot Lead,pending,85631547033,252
98,Ongki Firmansyah,technician,1587,no,yes,married,3,0.9989,Hot Lead,pending,82328031018,444
749,Julia Anggara,management,2485,no,yes,single,2,0.9989,Hot Lead,pending,81263268705,462
871,Muchtar Mahendra,technician,3043,no,yes,married,1,0.9989,Hot Lead,pending,85207309699,498
826,Yanto Pratama,technician,4945,no,yes,married,3,0.9989,Hot Lead,pending,85289040375,449
129,Feni Nugroho,management,1063,no,yes,single,3,0.9989,Hot Lead,pending,81249459355,353
371,Bella Suryanto,management,201,no,yes,divorced,1,0.9989,Hot Lead,pending,81124911234,291
274,Vera Ismail,management,2360,no,yes,single,1,0.9989,Hot Lead,pending,81312786974,483
642,Johan Suharto,entrepreneur,554,no,yes,married,1,0.9989,Hot Lead,pending,85386054228,150
748,Bunga Bayu,management,25,no,yes,married,1,0.9989,Hot Lead,pending,82162152779,253
194,Sari Pradana,admin.,154,no,yes,single,1,0.9988,Hot Lead,pending,81181963773,335
100,Kiara Rahman,management,3575,yes,no,divorced,3,0.9988,Hot Lead,pending,85608318130,427
567,Lutfi Laksana,management,452,no,yes,married,2,0.9988,Hot Lead,pending,82275421406,347
170,Lusi Suharto,technician,2789,no,yes,married,2,0.9988,Hot Lead,pending,82366868464,480
198,Tono Gunawan,admin.,78,no,yes,single,1,0.9988,Hot Lead,pending,81295585398,347
964,Rina Santoso,management,4040,no,yes,married,2,0.9988,Hot Lead,pending,82289987196,404
725,Qonita Susanto,technician,2156,no,yes,divorced,1,0.9987,Hot Lead,pending,85611261366,412
678,Sari Putra,technician,566,no,yes,divorced,2,0.9987,Hot Lead,pending,81296753878,294
801,Bunga Wicaksono,admin.,1380,no,yes,married,1,0.9987,Hot Lead,pending,81317684574,539
379,Jaya Putra,technician,3263,no,yes,married,1,0.9987,Hot Lead,pending,82331862252,485
778,Ani Fajar,admin.,1391,no,yes,single,2,0.9987,Hot Lead,pending,81355556961,494
423,Muchtar Hermawan,technician,94,no,yes,single,2,0.9986,Hot Lead,pending,85241025141,274
120,Vina Ramadan,technician,691,no,yes,married,1,0.9986,Hot Lead,pending,81142065139,447
576,Uci Susanto,services,2411,no,yes,divorced,1,0.9986,Hot Lead,pending,81188509350,391
696,Reza Ramadan,management,62,no,yes,single,1,0.9986,Hot Lead,pending,82221088954,270
802,Dewi Fajar,management,1272,no,yes,single,2,0.9986,Hot Lead,pending,85677594316,493
777,Pandu Raharjo,admin.,12,no,yes,single,2,0.9986,Hot Lead,pending,82237627822,207
457,Dedi Handoko,management,2696,yes,yes,divorced,1,0.9986,Hot Lead,pending,82277069343,530
167,Galih Wibowo,technician,2838,no,yes,single,3,0.9986,Hot Lead,pending,82273049010,312
855,Umi Putra,blue-collar,559,no,yes,married,1,0.9985,Hot Lead,pending,81375973817,192
89,Wulan Putra,technician,232,no,yes,married,2,0.9985,Hot Lead,pending,82213355662,323
208,Jaya Cahya,admin.,3664,yes,no,married,2,0.9985,Hot Lead,pending,82313408763,548
451,Bambang Yusuf,admin.,2087,no,yes,married,1,0.9985,Hot Lead,pending,82269942740,498
849,Agus Rahman,technician,24299,no,yes,single,1,0.9984,Hot Lead,pending,85391444585,546
571,Johan Handoko,admin.,1018,no,yes,single,1,0.9983,Hot Lead,pending,85307467274,442
908,Ayu Galih,management,1218,no,yes,single,2,0.9983,Hot Lead,pending,81319981805,528
502,Lutfi Pamungkas,management,1790,no,yes,married,1,0.9982,Hot Lead,pending,82272200307,452
832,Surya Putra,technician,3615,no,yes,married,3,0.9982,Hot Lead,pending,85230072553,350
103,Evi Hidayat,technician,831,no,yes,married,3,0.9981,Hot Lead,pending,81394973483,329
243,Oscar Wibowo,admin.,695,no,yes,married,2,0.9981,Hot Lead,pending,85601632176,482
549,Kurnia Laksana,technician,1698,no,yes,single,1,0.9981,Hot Lead,pending,85624096238,438
225,Fajar Mahendra,management,292,no,yes,divorced,2,0.998,Hot Lead,pending,81305284551,289
283,Nisa Raharjo,blue-collar,932,no,yes,married,2,0.998,Hot Lead,pending,82196799120,315
781,Firman Purnomo,technician,719,no,yes,single,2,0.998,Hot Lead,pending,85388955845,460
69,Kiara Hendra,admin.,543,no,yes,married,2,0.998,Hot Lead,pending,82398059424,257
608,Krisna Pamungkas,retired,282,no,yes,divorced,2,0.998,Hot Lead,pending,81283363461,63
252,Joko Wijaya,admin.,1076,no,yes,divorced,1,0.9979,Hot Lead,pending,85249507963,499
785,Hesti Hakim,technician,705,no,yes,single,2,0.9979,Hot Lead,pending,85621793558,460
477,Lina Wibowo,admin.,1560,no,yes,single,1,0.9979,Hot Lead,pending,85695623997,402
463,Ratna Rizki,technician,1308,no,yes,married,3,0.9979,Hot Lead,pending,81208057257,352
333,Hadi Bayu,management,144,no,yes,married,2,0.9978,Hot Lead,pending,82149230872,305
483,Gita Firmansyah,management,581,no,yes,married,1,0.9978,Hot Lead,pending,82385795941,213
619,Vina Hakim,blue-collar,1600,no,yes,married,1,0.9978,Hot Lead,pending,85334197418,319
143,Feni Darmawan,technician,2036,yes,yes,divorced,1,0.9977,Hot Lead,pending,82275222228,503
971,Indah Pratama,admin.,3729,yes,no,married,2,0.9976,Hot Lead,pending,85235851293,534
276,Emma Nugroho,blue-collar,625,no,yes,married,1,0.9976,Hot Lead,pending,85674748175,330
384,Julia Pamungkas,management,436,no,yes,married,1,0.9976,Hot Lead,pending,85360756388,261
114,Prita Kusuma,blue-collar,2235,no,yes,single,2,0.9976,Hot Lead,pending,82321220648,335
154,Lukman Rizki,admin.,733,no,yes,single,3,0.9975,Hot Lead,pending,85625039590,337
22,Joko Budiman,admin.,1466,no,yes,single,2,0.9975,Hot Lead,pending,81171685947,489
9,Kartika Darmawan,technician,2951,no,yes,married,1,0.9975,Hot Lead,pending,85292173599,500
180,Bella Hendra,management,671,no,yes,single,1,0.9974,Hot Lead,pending,81298068394,459
237,Wahyu Fadillah,services,561,no,yes,single,1,0.9974,Hot Lead,pending,81388727521,112
959,Muchtar Hakim,management,703,no,yes,married,1,0.9973,Hot Lead,pending,82262004161,400
706,Krisna Putra,management,1100,no,yes,married,1,0.9972,Hot Lead,pending,85696848825,502
102,Sigit Hendra,admin.,1996,no,yes,single,1,0.9972,Hot Lead,pending,82307250535,416
652,Indah Suharto,admin.,248,no,yes,single,1,0.9972,Hot Lead,pending,81285574869,221
627,Anggi Bayu,management,153,no,yes,single,1,0.9972,Hot Lead,pending,81337477534,245
994,Kartika Purnomo,technician,1669,no,yes,divorced,3,0.9972,Hot Lead,pending,85317902453,324
468,Krisna Pamungkas,retired,624,no,yes,married,1,0.9971,Hot Lead,pending,85695745333,329
391,Eko Suryanto,technician,90,yes,no,single,1,0.997,Hot Lead,pending,82109545531,246
888,Maulana Eka,blue-collar,536,no,yes,married,2,0.997,Hot Lead,pending,82109538806,54
27,Winda Pradana,management,9,no,yes,married,3,0.9969,Hot Lead,pending,82321868888,174
593,Oki Wibowo,technician,393,no,yes,married,2,0.9969,Hot Lead,pending,82172435421,213
712,Edi Aditya,technician,508,no,yes,married,3,0.9968,Hot Lead,pending,81208298023,189
303,Lutfi Putra,entrepreneur,392,no,yes,married,3,0.9967,Hot Lead,pending,82283396769,85
221,Galih Saputra,admin.,1634,no,yes,married,2,0.9967,Hot Lead,pending,82203894750,489
121,Galih Laksana,management,15,yes,no,single,1,0.9967,Hot Lead,pending,81286024250,222
631,Qonita Santoso,admin.,145,no,yes,married,2,0.9966,Hot Lead,pending,85396089323,272
879,Tommy Wijaya,management,10,no,yes,married,1,0.9966,Hot Lead,pending,82235322017,238
230,Qonita Jaya,admin.,2002,no,yes,single,2,0.9966,Hot Lead,pending,82280235872,426
349,Nico Wibowo,admin.,1878,no,yes,divorced,1,0.9965,Hot Lead,pending,85622067061,405
762,Hadi Cahya,blue-collar,4211,no,yes,single,1,0.9965,Hot Lead,pending,81370919097,290
466,Made Wibowo,blue-collar,927,no,yes,divorced,2,0.9965,Hot Lead,pending,82301576967,339
756,Tia Rizki,management,725,no,yes,single,1,0.9965,Hot Lead,pending,82325443865,464
634,Gina Sutanto,services,766,no,yes,married,3,0.9965,Hot Lead,pending,85202676213,212
773,Jesica Pamungkas,technician,422,no,yes,married,1,0.9964,Hot Lead,pending,85628641373,205
569,Gisela Rizki,admin.,899,no,yes,married,3,0.9963,Hot Lead,pending,85276758858,405
646,Yanto Pratama,technician,2836,yes,no,divorced,2,0.9963,Hot Lead,pending,85374421211,446
139,Krisna Hakim,services,1736,no,yes,single,3,0.9963,Hot Lead,pending,82396272239,277
335,Cahya Wicaksono,entrepreneur,145,no,yes,single,2,0.9963,Hot Lead,pending,81307599017,197
692,Galih Santoso,admin.,289,yes,no,divorced,3,0.9962,Hot Lead,pending,85648968561,152
807,Uci Bayu,entrepreneur,4465,no,yes,married,2,0.9962,Hot Lead,pending,81236929742,308
186,Feni Suryanto,admin.,3855,no,yes,married,2,0.9962,Hot Lead,pending,82167684656,512
612,Kartika Nugroho,retired,819,no,yes,married,2,0.996,Hot Lead,pending,82274685369,344
939,Made Galih,management,460,no,yes,single,3,0.996,Hot Lead,pending,85223557975,134
834,Feni Ibrahim,management,368,no,yes,single,1,0.996,Hot Lead,pending,81153425060,292
624,Yanto Setiawan,management,233,no,yes,married,1,0.9958,Hot Lead,pending,81159461252,253
339,Dedi Suharto,technician,3338,no,yes,married,2,0.9958,Hot Lead,pending,81205988071,502
946,Tono Mahendra,admin.,2228,no,yes,married,1,0.9958,Hot Lead,pending,81113654570,512
174,Umi Hidayat,management,18,no,yes,married,1,0.9957,Hot Lead,pending,81100285747,247
447,Jaya Saputra,management,785,no,yes,married,2,0.9957,Hot Lead,pending,81364754493,471
561,Zaki Yusuf,management,331,no,yes,married,3,0.9957,Hot Lead,pending,81346082377,127
905,Bella Wibowo,services,1801,no,yes,married,1,0.9957,Hot Lead,pending,82263924158,396
258,Ongki Suryanto,management,2124,no,yes,married,2,0.9956,Hot Lead,pending,81193648383,522
378,Nisa Ismail,services,532,no,yes,divorced,1,0.9956,Hot Lead,pending,81209788889,86
68,Yessi Cahya,self-employed,1129,no,yes,single,2,0.9956,Hot Lead,pending,85691577477,372
846,Udin Pratama,blue-collar,271,yes,yes,divorced,1,0.9955,Hot Lead,pending,85308347670,64
985,Kemal Sutanto,technician,523,no,yes,married,1,0.9954,Hot Lead,pending,82101994324,335
617,Gina Wijaya,admin.,899,no,yes,married,3,0.9954,Hot Lead,pending,82260758754,362
734,Tiara Ismail,management,23,no,yes,married,2,0.9954,Hot Lead,pending,85382389845,251
541,Usman Hendra,technician,656,no,yes,single,1,0.9954,Hot Lead,pending,81208297150,445
364,Sari Handoko,technician,484,yes,no,married,1,0.9954,Hot Lead,pending,81239585417,235
724,Hani Irawan,admin.,358,no,yes,single,1,0.9954,Hot Lead,pending,85322892372,232
898,Johan Rahman,blue-collar,590,no,yes,married,2,0.9954,Hot Lead,pending,81120866384,132
268,Uci Hendra,management,430,no,yes,married,1,0.9953,Hot Lead,pending,85387821057,324
804,Umi Rizki,technician,591,no,yes,married,2,0.9953,Hot Lead,pending,81263851023,319
406,Naufal Fajar,services,5758,no,yes,divorced,1,0.9953,Hot Lead,pending,85364317219,381
133,Reza Ismail,management,2419,no,yes,single,2,0.9952,Hot Lead,pending,85634548486,440
609,Made Pratama,admin.,581,no,yes,married,2,0.9952,Hot Lead,pending,81127134210,254
488,Lukman Bayu,blue-collar,320,no,yes,single,3,0.9952,Hot Lead,pending,85622726161,50
142,Zahra Utama,technician,435,no,yes,divorced,3,0.9952,Hot Lead,pending,81129124070,162
314,Lusi Santoso,admin.,4698,no,yes,married,1,0.9951,Hot Lead,pending,81152647657,418
720,Winda Utama,technician,705,yes,yes,divorced,1,0.9951,Hot Lead,pending,81175385640,478
962,Tono Putra,blue-collar,311,no,yes,single,2,0.9951,Hot Lead,pending,85643625141,155
60,Ahmad Dharma,technician,222,no,yes,married,1,0.9951,Hot Lead,pending,81229534520,317
928,Cika Firmansyah,blue-collar,599,no,yes,married,1,0.995,Hot Lead,pending,85363826983,184
723,Lukman Kurniawan,management,362,no,yes,married,3,0.995,Hot Lead,pending,85364334116,108
527,Dedi Sutanto,technician,16992,no,yes,married,1,0.995,Hot Lead,pending,82151482198,401
510,Zahra Rizki,admin.,3350,yes,yes,divorced,1,0.9949,Hot Lead,pending,82101491816,548
579,Iwan Yusuf,technician,606,no,yes,married,1,0.9949,Hot Lead,pending,82215006837,327
459,Cika Budiman,management,3829,yes,no,single,1,0.9949,Hot Lead,pending,81246244660,400
104,Wahyu Aditya,technician,712,no,yes,married,2,0.9949,Hot Lead,pending,81144932687,527
40,Gunawan Gunawan,technician,1,no,yes,single,1,0.9949,Hot Lead,pending,85359131159,314
747,Muchtar Firmansyah,admin.,1019,no,yes,married,2,0.9949,Hot Lead,pending,81333891914,408
820,Doni Hakim,technician,1851,no,yes,divorced,2,0.9948,Hot Lead,pending,81326530696,466
309,Ani Wijaya,technician,679,no,yes,married,2,0.9948,Hot Lead,pending,81170961676,508
868,Bella Mahendra,management,28,no,yes,married,1,0.9948,Hot Lead,pending,82203921211,252
162,Prita Jaya,services,358,no,yes,married,3,0.9947,Hot Lead,pending,82217946034,50
285,Intan Hidayat,admin.,554,no,yes,single,1,0.9947,Hot Lead,pending,81323129307,202
750,Aditya Hidayat,admin.,6981,no,yes,single,1,0.9945,Hot Lead,pending,82326335017,520
661,Anggi Putra,self-employed,12159,no,yes,married,2,0.9945,Hot Lead,pending,82344840683,307
496,Kartika Wibowo,services,282,no,yes,divorced,1,0.9945,Hot Lead,pending,82277906972,139
825,Elsa Ismail,services,484,no,yes,single,2,0.9943,Hot Lead,pending,85376162036,117
691,Qori Gunawan,management,1825,no,yes,married,1,0.9943,Hot Lead,pending,81234625279,439
452,Nanda Yusuf,technician,630,no,yes,divorced,2,0.9943,Hot Lead,pending,81309190112,461
933,Jesica Pamungkas,admin.,555,no,yes,single,1,0.9943,Hot Lead,pending,82295585893,272
348,Indah Mahendra,technician,1126,no,yes,married,1,0.9943,Hot Lead,pending,81195217046,530
573,Agus Kurniawan,blue-collar,597,no,yes,married,1,0.9942,Hot Lead,pending,85654066619,99
191,Bella Mahendra,management,112,no,yes,single,1,0.9942,Hot Lead,pending,81296292426,232
889,Joko Jaya,admin.,2831,no,yes,married,2,0.9942,Hot Lead,pending,85312597672,494
414,Hani Rahman,services,2348,no,yes,single,2,0.9941,Hot Lead,pending,81254004397,294
293,Luthfi Pratama,technician,1731,yes,yes,married,1,0.9941,Hot Lead,pending,81198355827,498
110,Qonita Fadillah,services,1002,no,yes,married,2,0.9941,Hot Lead,pending,85375365047,360
263,Gunawan Rahman,self-employed,454,yes,no,divorced,1,0.9941,Hot Lead,pending,85653961779,157
557,Intan Aditya,blue-collar,313,yes,yes,divorced,2,0.9941,Hot Lead,pending,82118523401,89
294,Luthfi Firmansyah,management,3016,no,yes,married,3,0.9941,Hot Lead,pending,85612206661,444
854,Gisela Ismail,services,640,no,yes,married,2,0.994,Hot Lead,pending,85640201605,371
776,Evi Suryanto,management,2,no,yes,married,3,0.994,Hot Lead,pending,81397868337,164
812,Vino Rahman,admin.,1455,no,yes,married,2,0.994,Hot Lead,pending,81289934519,485
411,Nico Handoko,services,590,no,yes,divorced,2,0.9939,Hot Lead,pending,82187716581,183
694,Chandra Jaya,management,243,no,yes,single,2,0.9939,Hot Lead,pending,81331593603,252
911,Oscar Hakim,management,3684,no,yes,single,3,0.9937,Hot Lead,pending,81370007695,397
422,Eko Hendra,technician,440,no,yes,single,2,0.9936,Hot Lead,pending,82163488221,246
218,Maya Raharjo,blue-collar,483,no,yes,married,3,0.9935,Hot Lead,pending,85390622477,56
310,Aditya Rizki,housemaid,419,no,yes,married,1,0.9933,Hot Lead,pending,81185027763,79
409,Fajar Mahendra,management,5289,no,yes,married,2,0.9933,Hot Lead,pending,81206718742,516
644,Tia Firmansyah,management,6530,no,yes,married,1,0.9931,Hot Lead,pending,81284801692,529
26,Ilham Ismail,management,112,yes,no,divorced,3,0.9931,Hot Lead,pending,81201424469,196
870,Zahra Utama,services,748,no,yes,single,2,0.993,Hot Lead,pending,85295151125,386
842,Sinta Wibowo,admin.,1009,no,yes,single,1,0.9929,Hot Lead,pending,85382838245,425
925,Gita Pamungkas,technician,825,no,yes,single,1,0.9929,Hot Lead,pending,85664000829,543
993,Ratna Permana,blue-collar,1949,no,yes,married,2,0.9927,Hot Lead,pending,81113139076,353
35,Chandra Saputra,management,2374,yes,yes,married,2,0.9926,Hot Lead,pending,81332758076,489
403,Tia Maulana,management,2368,no,yes,single,3,0.9925,Hot Lead,pending,81209236103,347
681,Rudi Nugroho,services,535,no,yes,married,2,0.9925,Hot Lead,pending,85220769107,162
388,Hani Purnomo,admin.,67,no,yes,divorced,1,0.9925,Hot Lead,pending,82115731217,268
992,Nanda Maulana,management,5779,no,yes,married,3,0.9925,Hot Lead,pending,81162620118,403
892,Intan Fadillah,blue-collar,1984,no,yes,single,2,0.9924,Hot Lead,pending,82357961906,298
743,Kiara Hermawan,blue-collar,8195,no,yes,married,2,0.9924,Hot Lead,pending,85323574803,257
555,Dina Suharto,management,255,no,yes,single,1,0.9924,Hot Lead,pending,85388294958,334
495,Diah Putra,blue-collar,611,yes,yes,married,1,0.9923,Hot Lead,pending,81295137384,377
434,Jasmine Budiman,admin.,726,no,yes,single,1,0.9923,Hot Lead,pending,85328373126,506
705,Cahya Rahman,blue-collar,492,no,yes,married,1,0.9921,Hot Lead,pending,82114150217,195
3,Ika Pamungkas,entrepreneur,3921,no,yes,married,1,0.9921,Hot Lead,pending,81205781599,267
582,Novi Fajar,blue-collar,489,no,yes,married,1,0.9921,Hot Lead,pending,81191555315,119
182,Novi Fajar,technician,2043,no,yes,single,1,0.9919,Hot Lead,pending,85234676516,437
436,Rina Rizki,admin.,223,no,yes,married,1,0.9918,Hot Lead,pending,81107915747,325
28,Hendra Laksana,technician,363,no,yes,single,3,0.9915,Hot Lead,pending,81315915080,174
282,Cinta Cahya,management,230,yes,no,married,2,0.9915,Hot Lead,pending,85243981277,343
715,Maulana Wijaya,management,33,no,yes,single,1,0.9914,Hot Lead,pending,82197099808,203
535,Tia Putra,technician,985,no,yes,single,1,0.9913,Hot Lead,pending,85657073889,424
564,Firman Hakim,retired,519,no,yes,married,3,0.9913,Hot Lead,pending,85678390136,50
286,Udin Wibowo,services,466,no,yes,married,3,0.9913,Hot Lead,pending,82139960755,86
426,Tommy Darmawan,admin.,148,yes,no,divorced,1,0.9912,Hot Lead,pending,85688999233,294
373,Iwan Aditya,services,92,no,yes,divorced,1,0.9911,Hot Lead,pending,82346750159,98
602,Edi Maulana,admin.,2040,no,yes,single,1,0.991,Hot Lead,pending,82208760215,516
211,Nico Handoko,admin.,497,no,yes,married,3,0.9908,Hot Lead,pending,81165685582,171
552,Tommy Wicaksono,technician,540,no,yes,single,1,0.9908,Hot Lead,pending,85645920561,200
163,Cinta Handoko,admin.,13,no,yes,single,2,0.9907,Hot Lead,pending,82194709432,344
739,Naufal Firmansyah,self-employed,844,no,yes,married,1,0.9907,Hot Lead,pending,85283138087,257
124,Dewi Galih,technician,159,no,yes,married,1,0.9907,Hot Lead,pending,81168154406,255
721,Farah Rizki,services,774,no,yes,single,1,0.9905,Hot Lead,pending,85636823402,321
355,Zella Saputra,management,4,no,yes,single,2,0.9905,Hot Lead,pending,82319164028,244
15,Surya Suryanto,retired,282,yes,no,single,1,0.9904,Hot Lead,pending,82333703144,121
113,Dedi Utama,management,36,no,yes,married,1,0.9902,Hot Lead,pending,85627777584,216
780,Qomar Nugroho,management,937,no,yes,single,1,0.9902,Hot Lead,pending,81197608352,528
517,Wulan Budiman,blue-collar,79,yes,no,single,1,0.9901,Hot Lead,pending,82352980267,164
893,Qonita Kusuma,technician,2102,no,yes,married,1,0.9901,Hot Lead,pending,85668522674,495
882,Yessi Hidayat,admin.,1026,no,yes,divorced,2,0.9899,Hot Lead,pending,81379132488,495
195,Ongki Galih,management,900,no,yes,single,1,0.9898,Hot Lead,pending,82294280991,404
280,Sigit Pamungkas,blue-collar,4646,no,yes,married,3,0.9898,Hot Lead,pending,82213755156,156
529,Jaya Nugroho,management,3,no,yes,married,2,0.9893,Hot Lead,pending,82149906479,228
455,Hadi Rizki,technician,1387,no,yes,married,1,0.9893,Hot Lead,pending,85233996697,422
917,Ratna Anggara,technician,2228,no,yes,married,2,0.9891,Hot Lead,pending,85645310585,515
387,Fauzi Aditya,blue-collar,837,no,yes,married,1,0.9891,Hot Lead,pending,82198520396,253
524,Indra Putra,management,22,yes,no,divorced,3,0.9889,Hot Lead,pending,82339350245,132
266,Nisa Bayu,admin.,627,no,yes,divorced,2,0.9889,Hot Lead,pending,82326604845,535
497,Iwan Irawan,entrepreneur,243,yes,no,single,1,0.9887,Hot Lead,pending,85640052502,141
931,Lutfi Dharma,admin.,15,no,yes,married,1,0.9886,Hot Lead,pending,81151934199,218
161,Gisela Fadillah,management,486,yes,yes,married,2,0.9886,Hot Lead,pending,85328488990,271
632,Nisa Raharjo,blue-collar,91,yes,no,single,1,0.9885,Hot Lead,pending,81180861783,98
200,Udin Ibrahim,services,401,no,yes,married,2,0.9885,Hot Lead,pending,82385671058,123
726,Hani Pradana,admin.,644,yes,no,married,1,0.9884,Hot Lead,pending,85669812674,461
482,Wahyu Pradana,admin.,671,no,yes,single,1,0.9883,Hot Lead,pending,85300822493,529
759,Gunawan Firmansyah,management,1274,no,yes,single,1,0.9882,Hot Lead,pending,85679836466,447
99,Sinta Bayu,technician,510,no,yes,married,3,0.9881,Hot Lead,pending,82334821942,220
745,Qori Rahman,management,85,no,yes,single,2,0.988,Hot Lead,pending,82393623149,343
857,Evi Fajar,entrepreneur,5156,no,yes,married,3,0.9878,Hot Lead,pending,81174050996,257
88,Rudi Handoko,management,7290,no,yes,single,1,0.9877,Hot Lead,pending,81200671630,414
164,Edi Gunawan,blue-collar,5482,no,yes,single,2,0.9876,Hot Lead,pending,82338679938,318
805,Nanda Bayu,technician,6947,no,yes,married,2,0.9875,Hot Lead,pending,85266251251,516
269,Ongki Utama,technician,2453,no,yes,single,2,0.9875,Hot Lead,pending,85395683809,415
236,Bunga Firmansyah,blue-collar,706,no,yes,single,1,0.9874,Hot Lead,pending,85354883001,304
655,Dewi Laksana,entrepreneur,1649,yes,no,married,3,0.9873,Hot Lead,pending,81189699267,220
707,Haris Santoso,technician,3240,no,yes,married,2,0.9872,Hot Lead,pending,81113881613,452
365,Zella Budiman,admin.,1112,no,yes,single,2,0.987,Hot Lead,pending,85296831901,521
205,Evi Hendra,technician,439,no,yes,married,1,0.9868,Hot Lead,pending,82338974722,221
927,Bobby Handoko,technician,2004,no,yes,single,1,0.9867,Hot Lead,pending,85624518849,467
419,Lusi Nugroho,blue-collar,931,no,yes,married,2,0.9867,Hot Lead,pending,85355743076,380
815,Olivia Cahya,services,1397,no,yes,married,3,0.9867,Hot Lead,pending,81214557773,172
958,Galih Cahya,blue-collar,521,no,yes,married,1,0.9864,Hot Lead,pending,82380788045,116
95,Vino Rahman,admin.,355,no,yes,married,1,0.9859,Hot Lead,pending,85676399697,227
446,Lukman Hidayat,technician,297,yes,no,single,2,0.9859,Hot Lead,pending,82332496527,213
626,Wayan Handoko,admin.,426,no,yes,single,2,0.9858,Hot Lead,pending,81230147198,331
307,Haris Permana,management,313,no,yes,married,1,0.9857,Hot Lead,pending,85334420896,242
963,Ani Yusuf,technician,6619,no,yes,married,1,0.9856,Hot Lead,pending,82119591080,461
676,Tiara Cahya,management,36,no,yes,married,2,0.9855,Hot Lead,pending,85325056669,298
404,Sinta Sutanto,management,877,no,yes,married,1,0.9853,Hot Lead,pending,81328932971,447
381,Tia Rahman,retired,1463,no,yes,married,1,0.9851,Hot Lead,pending,82237677288,272
730,Kurnia Firmansyah,self-employed,4011,no,yes,single,1,0.985,Hot Lead,pending,82252689621,362
265,Made Ibrahim,management,1832,no,yes,married,2,0.9847,Hot Lead,pending,81341775187,521
803,Yanto Permana,entrepreneur,81,no,yes,divorced,3,0.9845,Hot Lead,pending,81292112216,50
374,Haris Ramadan,blue-collar,521,no,yes,married,3,0.9839,Hot Lead,pending,85355809486,50
148,Gisela Purnomo,entrepreneur,937,no,yes,single,3,0.9838,Hot Lead,pending,85339123487,168
42,Chandra Fajar,blue-collar,1765,no,yes,married,1,0.9838,Hot Lead,pending,82362277866,306
977,Hana Laksana,technician,328,yes,yes,divorced,1,0.9834,Hot Lead,pending,81215598341,215
872,Jesica Mahendra,admin.,707,no,yes,single,1,0.9833,Hot Lead,pending,81216694184,503
498,Budi Putra,self-employed,1508,no,yes,married,3,0.9824,Hot Lead,pending,82109079342,231
420,Joko Setiawan,management,498,no,yes,married,1,0.9824,Hot Lead,pending,85245060986,281
904,Anggi Ramadan,services,372,no,yes,married,1,0.9822,Hot Lead,pending,82119770462,54
831,Julia Eka,admin.,242,no,yes,married,1,0.9816,Hot Lead,pending,85696632397,343
47,Lutfi Hendra,services,152,no,yes,single,2,0.9816,Hot Lead,pending,85362668524,137
732,Joko Santoso,blue-collar,1875,no,yes,married,3,0.9815,Hot Lead,pending,85286264386,262
188,Nico Ramadan,technician,644,no,yes,married,1,0.981,Hot Lead,pending,82369134442,504
818,Luthfi Utama,management,1058,no,yes,single,1,0.9807,Hot Lead,pending,85206487891,401
604,Eko Permana,technician,23,no,yes,married,1,0.9799,Hot Lead,pending,82302276847,223
209,Jaya Santoso,admin.,315,no,yes,single,3,0.9797,Hot Lead,pending,85622021175,137
548,Bella Putra,admin.,899,no,yes,married,2,0.9796,Hot Lead,pending,85685407080,429
344,Ayu Suryanto,admin.,387,yes,no,married,3,0.9795,Hot Lead,pending,81134688700,139
71,Olivia Maulana,admin.,3895,no,yes,single,3,0.9791,Hot Lead,pending,81170224633,408
953,Uci Kusuma,blue-collar,297,no,yes,single,3,0.979,Hot Lead,pending,85636128195,50
156,Nisa Laksana,admin.,207,no,yes,divorced,1,0.9788,Hot Lead,pending,82144029852,326
693,Vina Kurniawan,technician,4943,yes,yes,single,2,0.9786,Hot Lead,pending,85355148935,433
176,Prita Galih,blue-collar,532,no,yes,married,1,0.9785,Hot Lead,pending,85202993273,105
521,Yessi Budiman,admin.,115,no,yes,single,3,0.9784,Hot Lead,pending,82220604451,113
484,Haris Wibowo,admin.,233,no,yes,married,3,0.9781,Hot Lead,pending,82215386491,197
450,Zaki Handoko,blue-collar,720,yes,no,married,1,0.978,Hot Lead,pending,85631882693,311
533,Cinta Pratama,technician,533,no,yes,married,2,0.9779,Hot Lead,pending,81244380573,250
1,Anggi Pratama,blue-collar,1803,no,yes,married,1,0.9777,Hot Lead,pending,82195746758,267
840,Ayu Budiman,technician,23,no,yes,married,2,0.9776,Hot Lead,pending,85373856099,218
193,Surya Laksana,services,158,no,yes,single,1,0.9771,Hot Lead,pending,82349973435,140
782,Vera Hermawan,admin.,2030,no,yes,married,1,0.9771,Hot Lead,pending,81254305497,526
226,Meylani Nugroho,admin.,1408,no,yes,married,1,0.9771,Hot Lead,pending,85655366758,529
788,Gunawan Eka,technician,212,no,yes,married,2,0.9766,Hot Lead,pending,82268363398,325
635,Qori Permana,technician,26,no,yes,married,3,0.9763,Hot Lead,pending,81371039565,208
277,Lusi Fajar,technician,3313,no,yes,single,3,0.9758,Hot Lead,pending,81326120210,319
746,Erlangga Setiawan,entrepreneur,148,no,yes,divorced,3,0.9757,Hot Lead,pending,85655922659,50
332,Pandu Bayu,management,178,no,yes,single,2,0.9754,Hot Lead,pending,82139427007,207
105,Hadi Pradana,services,438,no,yes,single,1,0.9754,Hot Lead,pending,82255481467,91
901,Made Nugroho,blue-collar,1,no,yes,single,2,0.9752,Hot Lead,pending,81242083670,189
231,Oki Laksana,blue-collar,76,no,yes,single,2,0.975,Hot Lead,pending,82183013311,66
302,Dedi Kurniawan,management,22,no,yes,married,2,0.974,Hot Lead,pending,81368176262,328
300,Meylani Ramadan,admin.,484,no,yes,married,1,0.9736,Hot Lead,pending,85683990117,232
890,Maulana Wicaksono,blue-collar,512,no,yes,married,1,0.9732,Hot Lead,pending,81185123395,199
894,Galih Fadillah,technician,473,yes,no,married,3,0.9729,Hot Lead,pending,85329061222,104
546,Cinta Raharjo,admin.,3187,no,yes,married,2,0.9729,Hot Lead,pending,81378916240,532
500,Emma Irawan,services,90,no,yes,married,2,0.9727,Hot Lead,pending,81271115222,142
841,Prita Irawan,services,90,no,yes,married,2,0.9727,Hot Lead,pending,81129444660,60
543,Gisela Gunawan,blue-collar,522,no,yes,single,2,0.9724,Hot Lead,pending,82326870687,190
25,Olivia Rahman,technician,27,no,yes,married,3,0.9724,Hot Lead,pending,81187768413,146
941,Nanda Eka,admin.,488,yes,no,married,2,0.9722,Hot Lead,pending,82109857330,283
919,Hendra Mahendra,blue-collar,1710,yes,yes,married,3,0.972,Hot Lead,pending,82373245690,245
651,Kurnia Budiman,admin.,9779,yes,yes,married,2,0.972,Hot Lead,pending,82175853338,491
547,Farah Kurniawan,management,240,no,yes,married,1,0.9716,Hot Lead,pending,85698988702,251
107,Nanda Pradana,services,1005,no,yes,married,3,0.9703,Hot Lead,pending,85278072871,227
838,Ongki Raharjo,technician,177,no,yes,married,2,0.9703,Hot Lead,pending,85380849977,267
87,Cika Pamungkas,admin.,57,yes,no,single,2,0.9701,Hot Lead,pending,82178694818,228
306,Edi Hidayat,self-employed,1510,no,yes,married,2,0.97,Hot Lead,pending,85223737536,345
196,Kartika Pratama,services,343,no,yes,single,2,0.9695,Hot Lead,pending,81197190987,159
141,Tommy Kusuma,admin.,400,no,yes,married,1,0.9695,Hot Lead,pending,82172020390,342
817,Nisa Kusuma,management,102,no,yes,divorced,1,0.9688,Hot Lead,pending,85341802261,200
83,Qori Fajar,blue-collar,3546,no,yes,divorced,2,0.9687,Hot Lead,pending,81365677003,387
33,Zaki Hidayat,self-employed,6,no,yes,divorced,1,0.9686,Hot Lead,pending,81359405440,124
998,Hani Darmawan,technician,3345,no,yes,divorced,1,0.9686,Hot Lead,pending,82348660777,516
859,Gina Fadillah,admin.,359,no,yes,married,2,0.9686,Hot Lead,pending,82387915814,209
407,Tia Irawan,technician,483,no,yes,married,1,0.9679,Hot Lead,pending,82298751010,289
94,Lusi Santoso,admin.,606,no,yes,married,2,0.9676,Hot Lead,pending,81121073115,277
443,Dedi Ramadan,admin.,75,yes,yes,married,1,0.9672,Hot Lead,pending,82214388940,274
50,Aditya Firmansyah,entrepreneur,340,no,yes,married,2,0.9669,Hot Lead,pending,82175518955,196
308,Chandra Cahya,entrepreneur,265,no,yes,single,1,0.9665,Hot Lead,pending,82180160032,115
435,Intan Saputra,admin.,230,no,yes,married,3,0.9656,Hot Lead,pending,81329921181,109
944,Wulan Yusuf,technician,112,no,yes,married,1,0.9636,Hot Lead,pending,85353029308,237
986,Hadi Mahendra,self-employed,428,yes,no,married,2,0.9629,Hot Lead,pending,82237769792,87
501,Qomar Ismail,management,1064,no,yes,married,1,0.9622,Hot Lead,pending,82394841101,549
115,Johan Raharjo,technician,337,no,yes,married,1,0.9614,Hot Lead,pending,85241280423,211
980,Tiara Nugroho,management,21088,no,yes,married,1,0.9609,Hot Lead,pending,82118333460,534
741,Novi Putra,services,507,yes,no,married,2,0.9607,Hot Lead,pending,81196925713,72
689,Bambang Kusuma,entrepreneur,6649,no,yes,married,2,0.9607,Hot Lead,pending,82385940001,314
736,Budi Gunawan,management,287,no,yes,married,2,0.9604,Hot Lead,pending,81179647455,346
686,Maya Wicaksono,blue-collar,249,no,yes,single,3,0.9595,Hot Lead,pending,85220674936,90
629,Winda Galih,management,6217,yes,yes,married,2,0.9582,Hot Lead,pending,82284085416,437
658,Putra Raharjo,blue-collar,2089,no,yes,married,1,0.9575,Hot Lead,pending,81365497555,343
224,Udin Kusuma,housemaid,42,no,yes,married,1,0.9575,Hot Lead,pending,81242146504,169
830,Nanda Jaya,blue-collar,430,yes,no,married,2,0.957,Hot Lead,pending,81291097452,87
827,Haris Permana,technician,12926,no,yes,single,1,0.9568,Hot Lead,pending,81114100802,411
575,Ratna Maulana,blue-collar,1615,no,yes,married,2,0.9568,Hot Lead,pending,81226051130,338
583,Nisa Santoso,technician,529,no,yes,married,1,0.954,Hot Lead,pending,81219718753,246
227,Naufal Ismail,services,169,no,yes,divorced,1,0.9539,Hot Lead,pending,82328373139,50
315,Darma Hakim,technician,35,yes,no,single,1,0.9534,Hot Lead,pending,82217590857,265
312,Luthfi Nugroho,technician,663,yes,no,single,2,0.9534,Hot Lead,pending,81362596433,521
228,Tiara Jaya,blue-collar,3108,no,yes,married,3,0.9528,Hot Lead,pending,81355491774,223
334,Yuli Utama,technician,2389,yes,yes,married,1,0.9528,Hot Lead,pending,85698278426,420
592,Fitri Kusuma,blue-collar,1101,no,yes,single,1,0.9525,Hot Lead,pending,82134048254,314
683,Cika Irawan,services,867,no,yes,married,3,0.9524,Hot Lead,pending,82156686016,213
171,Lina Budiman,admin.,613,no,yes,single,1,0.9505,Hot Lead,pending,81279765816,532
257,Evi Wijaya,services,328,no,yes,single,3,0.9502,Hot Lead,pending,85215444426,69
14,Zaki Utama,technician,23,no,yes,single,2,0.9497,Hot Lead,pending,85667890309,250
688,Ilham Jaya,retired,212,yes,no,divorced,1,0.9496,Hot Lead,pending,81201402296,157
991,Tommy Anggara,retired,143,no,yes,married,3,0.9472,Hot Lead,pending,81179640021,50
697,Meylani Laksana,technician,310,no,yes,married,1,0.9467,Hot Lead,pending,81154615282,233
485,Lukman Pamungkas,self-employed,581,no,yes,married,1,0.9462,Hot Lead,pending,82283696421,166
16,Tiara Saputra,services,517,no,yes,married,2,0.9461,Hot Lead,pending,85243460019,114
813,Gunawan Suharto,admin.,49,no,yes,married,3,0.9459,Hot Lead,pending,81297907282,217
155,Bambang Bayu,entrepreneur,146,no,yes,married,2,0.9453,Hot Lead,pending,85313957819,64
219,Johan Jaya,management,3167,yes,yes,married,1,0.9453,Hot Lead,pending,85305636100,488
770,Naufal Wijaya,admin.,422,no,yes,single,2,0.9444,Hot Lead,pending,81362471726,277
594,Diah Hakim,technician,239,no,yes,single,1,0.9441,Hot Lead,pending,81107523305,331
601,Kemal Ismail,admin.,48,no,yes,married,3,0.9422,Hot Lead,pending,81346087487,217
499,Tono Hakim,technician,381,no,yes,married,2,0.9412,Hot Lead,pending,85662206143,291
875,Doni Mahendra,housemaid,75,no,yes,married,2,0.9393,Hot Lead,pending,85626580291,172
643,Fitri Pratama,blue-collar,3201,no,yes,single,1,0.9387,Hot Lead,pending,82343724625,318
37,Bunga Ramadan,management,271,no,yes,married,2,0.9385,Hot Lead,pending,81292304699,265
581,Reza Kurniawan,retired,216,no,yes,divorced,1,0.938,Hot Lead,pending,85668956594,167
667,Ika Susanto,admin.,240,yes,yes,single,1,0.938,Hot Lead,pending,85213327019,284
317,Lusi Wijaya,management,43,no,yes,married,1,0.9378,Hot Lead,pending,82350650532,227
528,Lukman Aditya,blue-collar,807,no,yes,married,3,0.9371,Hot Lead,pending,82354854418,272
713,Cahya Permana,blue-collar,848,no,yes,married,2,0.9369,Hot Lead,pending,81367400706,296
779,Pandu Pamungkas,technician,303,no,yes,married,1,0.9349,Hot Lead,pending,85278322392,333
157,Gita Hendra,blue-collar,415,no,yes,married,3,0.9345,Hot Lead,pending,82260921538,50
149,Hadi Handoko,management,3286,no,yes,married,1,0.9343,Hot Lead,pending,85368985270,535
810,Wayan Santoso,admin.,8784,no,yes,married,2,0.9342,Hot Lead,pending,81152996962,468
903,Ongki Fadillah,admin.,1224,no,yes,divorced,1,0.934,Hot Lead,pending,81169679291,419
929,Vina Pamungkas,admin.,142,no,yes,married,2,0.9328,Hot Lead,pending,81123083307,331
53,Lutfi Hakim,blue-collar,429,no,yes,married,1,0.9327,Hot Lead,pending,82268065383,93
337,Olivia Jaya,management,3381,no,yes,married,1,0.9324,Hot Lead,pending,81310665913,534
49,Rudi Permana,management,22867,no,yes,married,2,0.9318,Hot Lead,pending,85641596189,492
590,Dedi Firmansyah,technician,13460,no,yes,single,3,0.9312,Hot Lead,pending,85339621432,327
175,Jasmine Suryanto,management,1033,no,yes,married,1,0.9278,Hot Lead,pending,85319665718,443
865,Gisela Kusuma,management,13851,no,yes,married,1,0.9264,Hot Lead,pending,81143369881,463
566,Qori Firmansyah,admin.,10,yes,no,single,1,0.9262,Hot Lead,pending,85360577648,275
983,Olivia Susanto,services,1659,no,yes,married,1,0.9253,Hot Lead,pending,82100016768,362
775,Krisna Kurniawan,entrepreneur,219,no,yes,single,1,0.9253,Hot Lead,pending,85317960012,76
821,Doni Anggara,admin.,210,yes,no,single,1,0.9245,Hot Lead,pending,81169746204,300
758,Uci Ibrahim,services,140,no,yes,married,1,0.9242,Hot Lead,pending,82156412809,81
32,Udin Rahman,technician,532,no,yes,married,1,0.9237,Hot Lead,pending,85690382409,335
755,Yuli Maulana,blue-collar,191,no,yes,single,1,0.9232,Hot Lead,pending,81133072827,197
881,Muchtar Pratama,entrepreneur,2849,no,yes,married,3,0.9229,Hot Lead,pending,82393803008,242
701,Umi Ismail,entrepreneur,1342,yes,yes,divorced,1,0.9213,Hot Lead,pending,85227256802,282
150,Erlangga Bayu,blue-collar,151,no,yes,single,1,0.9211,Hot Lead,pending,85391373620,80
645,Tono Rahman,blue-collar,9,no,yes,married,1,0.9203,Hot Lead,pending,85289015307,159
116,Farah Hendra,services,101,no,yes,single,2,0.9199,Hot Lead,pending,82290136215,163
210,Cika Cahya,admin.,1440,yes,yes,divorced,1,0.9198,Hot Lead,pending,85694340552,412
10,Dina Gunawan,blue-collar,419,no,yes,married,2,0.9195,Hot Lead,pending,81314440387,132
244,Oki Budiman,technician,383,yes,no,married,1,0.919,Hot Lead,pending,85215843119,200
330,Nisa Kurniawan,technician,2052,no,yes,married,1,0.9188,Hot Lead,pending,81247170861,517
935,Iwan Ismail,blue-collar,9,no,yes,married,3,0.9185,Hot Lead,pending,82236826906,50
797,Vera Firmansyah,management,3431,no,yes,married,1,0.9184,Hot Lead,pending,82232829679,413
203,Cika Hakim,management,740,no,yes,married,2,0.9146,Hot Lead,pending,82331851427,533
622,Wulan Eka,management,725,no,yes,married,1,0.9145,Hot Lead,pending,82390403529,457
481,Zahra Handoko,services,165,no,yes,single,2,0.9139,Hot Lead,pending,81123414040,98
829,Bella Maulana,blue-collar,9,no,yes,married,2,0.9139,Hot Lead,pending,82128563116,179
586,Hana Utama,self-employed,5613,no,yes,married,3,0.9124,Hot Lead,pending,82191303815,270
480,Dedi Hermawan,admin.,1582,no,yes,married,2,0.9115,Hot Lead,pending,81316890395,515
530,Prita Hendra,management,385,no,yes,married,1,0.9112,Hot Lead,pending,81298251252,298
172,Eko Suharto,technician,285,no,yes,single,3,0.9087,Hot Lead,pending,82296269796,183
937,Wahyu Suharto,entrepreneur,638,no,yes,single,1,0.9066,Hot Lead,pending,82380353132,303
981,Kiara Wicaksono,entrepreneur,5403,no,yes,married,1,0.9062,Hot Lead,pending,82148120230,270
2,Gunawan Ibrahim,admin.,860,no,yes,single,1,0.9052,Hot Lead,pending,81398037513,428
572,Lutfi Gunawan,entrepreneur,842,no,yes,married,2,0.905,Hot Lead,pending,85206088427,295
885,Nico Suharto,blue-collar,2039,no,yes,married,2,0.9038,Hot Lead,pending,81336456888,339
792,Bella Wibowo,retired,941,yes,no,married,1,0.9024,Hot Lead,pending,81350633709,261
262,Ani Putra,entrepreneur,145,no,yes,married,3,0.902,Hot Lead,pending,81339358660,50
70,Iwan Pratama,housemaid,34,no,yes,married,1,0.9019,Hot Lead,pending,85395793497,103
512,Dedi Rahman,management,2608,no,yes,married,1,0.9019,Hot Lead,pending,85271419506,411
867,Lina Anggara,self-employed,312,no,yes,single,2,0.9017,Hot Lead,pending,82239386324,52
417,Rudi Handoko,management,1557,yes,yes,married,1,0.8989,Hot Lead,pending,85619395648,499
733,Maulana Pradana,management,900,no,yes,married,1,0.8985,Hot Lead,pending,85278844655,527
677,Dewi Pradana,blue-collar,172,no,yes,single,1,0.8967,Hot Lead,pending,82221537279,183
213,Eko Jaya,retired,2086,no,yes,married,2,0.8967,Hot Lead,pending,81324498466,390
623,Gita Setiawan,blue-collar,802,no,yes,single,3,0.8951,Hot Lead,pending,82357736841,220
978,Jesica Bayu,management,202,no,yes,single,1,0.8932,Hot Lead,pending,81203966166,200
671,Winda Dharma,services,446,no,yes,married,1,0.8913,Hot Lead,pending,82237247703,181
234,Prita Pamungkas,technician,41,yes,yes,single,1,0.8912,Hot Lead,pending,81240442139,268
605,Gita Ismail,admin.,1236,no,yes,married,1,0.8894,Hot Lead,pending,82127580107,492
668,Ika Ramadan,entrepreneur,247,yes,yes,single,1,0.8883,Hot Lead,pending,82210310435,160
5,Firman Rizki,technician,316,yes,yes,single,2,0.8878,Hot Lead,pending,85698715898,346
383,Sigit Sutanto,blue-collar,10,no,yes,married,2,0.8863,Hot Lead,pending,85645770872,146
199,Chandra Susanto,admin.,787,no,yes,single,1,0.8853,Hot Lead,pending,85354922059,418
217,Budi Permana,management,136,no,yes,married,1,0.8832,Hot Lead,pending,81220332556,235
119,Naufal Ibrahim,management,141,no,yes,married,3,0.8824,Hot Lead,pending,85325661726,185
709,Bobby Pratama,technician,180,no,yes,married,2,0.8783,Hot Lead,pending,85319627394,215
101,Andi Hermawan,services,182,no,yes,single,1,0.8774,Hot Lead,pending,81127736588,87
229,Fitri Rizki,admin.,1238,no,yes,single,2,0.877,Hot Lead,pending,85384624630,510
13,Elsa Wijaya,services,247,no,yes,married,1,0.8769,Hot Lead,pending,82288929161,131
134,Tiara Purnomo,self-employed,442,no,yes,married,1,0.8749,Hot Lead,pending,85674122595,193
63,Dewi Fajar,admin.,46,no,yes,married,2,0.8745,Hot Lead,pending,85254932314,251
523,Novi Irawan,entrepreneur,2,yes,no,divorced,1,0.8736,Hot Lead,pending,81128893300,133
111,Gina Ramadan,blue-collar,2426,no,yes,married,1,0.8725,Hot Lead,pending,82291491633,371
392,Zaki Ismail,admin.,544,yes,no,married,2,0.8719,Hot Lead,pending,81148165768,336
897,Putra Pradana,management,634,no,yes,married,1,0.8718,Hot Lead,pending,81357513675,546
316,Nico Budiman,admin.,264,no,yes,married,2,0.868,Hot Lead,pending,81372319446,262
305,Kartika Kusuma,blue-collar,2502,no,yes,married,1,0.8674,Hot Lead,pending,82269756653,393
522,Reza Darmawan,blue-collar,214,no,yes,single,1,0.8667,Hot Lead,pending,81287277860,74
109,Lusi Raharjo,entrepreneur,269,no,yes,married,1,0.8643,Hot Lead,pending,85363200420,84
518,Kartika Wicaksono,self-employed,1166,yes,no,single,3,0.8629,Hot Lead,pending,81304726504,188
973,Putri Rizki,management,8629,no,yes,married,2,0.8605,Hot Lead,pending,82253134614,450
431,Lina Gunawan,blue-collar,369,yes,no,single,1,0.8585,Hot Lead,pending,81382197469,109
907,Yuli Permana,admin.,252,no,yes,single,1,0.8554,Hot Lead,pending,81187946326,345
816,Ongki Bayu,management,2124,no,yes,married,2,0.8512,Hot Lead,pending,85385023469,450
970,Qonita Utama,management,1221,no,yes,married,1,0.85,Hot Lead,pending,82290319638,447
578,Fajar Yusuf,blue-collar,26,no,yes,married,2,0.8499,Hot Lead,pending,85639106192,75
192,Iwan Cahya,blue-collar,185,no,yes,single,1,0.8482,Hot Lead,pending,82112310691,89
428,Naufal Rahman,blue-collar,185,no,yes,single,1,0.8482,Hot Lead,pending,82265763223,149
899,Yuli Pamungkas,technician,791,no,yes,married,2,0.8452,Hot Lead,pending,85248093770,485
798,Hesti Darmawan,blue-collar,153,no,yes,single,1,0.843,Hot Lead,pending,81274341374,87
251,Usman Suharto,blue-collar,436,no,yes,single,3,0.8426,Hot Lead,pending,81246002877,50
650,Tommy Cahya,management,63,no,yes,single,1,0.8421,Hot Lead,pending,82392907858,329
912,Tiara Darmawan,technician,40,no,yes,married,3,0.8421,Hot Lead,pending,85268081500,105
449,Zaki Jaya,retired,32,no,yes,married,3,0.8413,Hot Lead,pending,85601860682,72
479,Kiara Ramadan,self-employed,137,no,yes,single,1,0.8403,Hot Lead,pending,85214339139,118
185,Wahyu Jaya,management,2549,no,yes,married,1,0.8387,Hot Lead,pending,85354611200,420
135,Uci Ramadan,technician,6562,no,yes,married,2,0.8376,Hot Lead,pending,85646694646,451
177,Jaya Suryanto,admin.,437,no,yes,married,1,0.8365,Hot Lead,pending,82361084920,310
471,Olivia Setiawan,technician,5961,no,yes,single,3,0.8334,Hot Lead,pending,85263204409,357
165,Winda Ibrahim,management,393,yes,yes,married,2,0.831,Hot Lead,pending,85279571221,331
416,Fitri Ramadan,management,16,yes,yes,divorced,2,0.8293,Hot Lead,pending,85650041723,257
915,Nanda Pratama,management,378,yes,yes,married,1,0.826,Hot Lead,pending,81133664471,261
914,Johan Darmawan,blue-collar,359,yes,no,married,2,0.8252,Hot Lead,pending,82369411218,52
828,Hesti Eka,management,668,yes,no,married,2,0.8245,Hot Lead,pending,85260594206,526
702,Krisna Pamungkas,technician,2848,yes,yes,divorced,2,0.8244,Hot Lead,pending,81369090252,451
76,Erlangga Pradana,technician,557,no,yes,married,2,0.822,Hot Lead,pending,81133480486,297
587,Ilham Wijaya,management,671,no,yes,single,1,0.8179,Hot Lead,pending,81372277502,429
987,Bambang Pradana,services,100,no,yes,married,1,0.8173,Hot Lead,pending,85376566996,83
774,Kemal Hendra,blue-collar,7,yes,yes,married,2,0.8147,Hot Lead,pending,82234963754,76
772,Tiara Handoko,management,96,no,yes,married,3,0.8142,Hot Lead,pending,81336112221,208
490,Lutfi Handoko,blue-collar,360,no,yes,married,2,0.8109,Hot Lead,pending,81133533623,168
878,Budi Rizki,blue-collar,1025,no,yes,married,1,0.8091,Hot Lead,pending,85310532066,270
851,Kiara Nugroho,admin.,787,no,yes,single,2,0.8078,Hot Lead,pending,81337505204,503
504,Lusi Gunawan,blue-collar,993,no,yes,married,1,0.8038,Hot Lead,pending,85375386102,367
122,Kartika Pratama,retired,3588,no,yes,married,1,0.8026,Hot Lead,pending,85392739432,364
78,Sigit Handoko,blue-collar,855,no,yes,single,1,0.8003,Hot Lead,pending,82203916710,313
999,Winda Bayu,technician,782,no,yes,married,2,0.7994,Hot Lead,pending,81308701180,489
84,Putri Firmansyah,blue-collar,335,no,yes,married,3,0.7976,Hot Lead,pending,81181989801,62
625,Prita Eka,technician,59,no,yes,single,3,0.795,Hot Lead,pending,85214488009,176
445,Doni Yusuf,management,3097,no,yes,single,1,0.7936,Hot Lead,pending,85675053477,441
833,Gita Budiman,services,1047,no,yes,married,2,0.793,Hot Lead,pending,85244972924,332
438,Lina Firmansyah,management,997,yes,yes,married,1,0.7929,Hot Lead,pending,85245281724,480
158,Zahra Ismail,blue-collar,249,yes,yes,married,3,0.7865,Hot Lead,pending,81270710097,50
603,Putra Eka,blue-collar,1981,no,yes,married,1,0.7858,Hot Lead,pending,82297546016,325
647,Rina Kurniawan,management,12482,yes,yes,married,3,0.7843,Hot Lead,pending,85695894968,320
657,Wahyu Setiawan,admin.,113,yes,yes,married,1,0.7834,Hot Lead,pending,85397765843,223
638,Dina Eka,entrepreneur,199,yes,yes,divorced,2,0.7816,Hot Lead,pending,81235586325,186
65,Jesica Putra,technician,613,no,yes,married,2,0.7811,Hot Lead,pending,85278988177,517
432,Aditya Firmansyah,blue-collar,1446,no,yes,single,3,0.7796,Hot Lead,pending,85256304450,191
270,Qonita Pratama,services,457,no,yes,married,1,0.7794,Hot Lead,pending,81190482704,116
695,Pandu Nugroho,admin.,1813,no,yes,married,1,0.7775,Hot Lead,pending,82268794724,423
467,Ahmad Fadillah,blue-collar,444,no,yes,married,3,0.7774,Hot Lead,pending,85607026744,50
324,Prita Ismail,blue-collar,80,yes,yes,married,1,0.776,Hot Lead,pending,85604087473,130
787,Emma Pradana,blue-collar,111,no,yes,single,3,0.772,Hot Lead,pending,81255055598,50
883,Ayu Galih,admin.,221,yes,yes,married,2,0.7707,Hot Lead,pending,85317422657,295
92,Cahya Handoko,admin.,196,yes,yes,married,1,0.7702,Hot Lead,pending,82253574659,313
106,Zaki Suryanto,blue-collar,9698,no,yes,divorced,2,0.7663,Hot Lead,pending,81324731932,395
687,Jesica Pratama,blue-collar,25,no,yes,married,2,0.7579,Hot Lead,pending,82242759994,153
189,Farah Hakim,blue-collar,25,no,yes,married,2,0.7579,Hot Lead,pending,85636780970,93
235,Tiara Putra,services,803,no,yes,married,3,0.7559,Hot Lead,pending,82328909256,160
297,Kiara Saputra,blue-collar,3344,no,yes,single,1,0.7507,Hot Lead,pending,85377460853,296
34,Nanda Hakim,technician,183,no,yes,married,3,0.7485,Warm Lead,pending,85642663034,232
439,Gita Mahendra,admin.,422,no,yes,single,1,0.7465,Warm Lead,pending,81344829857,298
700,Ongki Jaya,blue-collar,25,no,yes,married,1,0.7464,Warm Lead,pending,81214508583,50
947,Gisela Budiman,technician,33,no,yes,divorced,3,0.7456,Warm Lead,pending,85204577514,143
487,Surya Budiman,admin.,510,no,yes,married,1,0.7452,Warm Lead,pending,81355943994,291
331,Yessi Bayu,technician,71,no,yes,married,2,0.7425,Warm Lead,pending,81357169526,318
90,Zella Eka,services,3,no,yes,single,1,0.7389,Warm Lead,pending,85301444493,102
836,Lina Mahendra,blue-collar,35,no,yes,married,1,0.7372,Warm Lead,pending,85691644517,166
665,Indra Ramadan,entrepreneur,781,yes,no,married,2,0.7357,Warm Lead,pending,85324912391,346
494,Yessi Kurniawan,blue-collar,366,yes,yes,single,2,0.7333,Warm Lead,pending,81360347220,150
611,Dewi Wijaya,self-employed,917,yes,no,single,3,0.7304,Warm Lead,pending,82134796004,263
360,Andi Utama,management,1669,no,yes,divorced,1,0.7277,Warm Lead,pending,85395270852,434
799,Lina Gunawan,services,221,no,yes,divorced,1,0.7274,Warm Lead,pending,85691293150,195
190,Jesica Irawan,blue-collar,1011,no,yes,married,1,0.7241,Warm Lead,pending,85611373097,250
708,Umi Purnomo,blue-collar,1927,no,yes,married,1,0.7145,Warm Lead,pending,82278390945,323
538,Tommy Mahendra,admin.,454,no,yes,married,1,0.7138,Warm Lead,pending,81247853664,268
363,Olivia Santoso,management,3137,no,yes,single,3,0.7132,Warm Lead,pending,82250735671,421
394,Haris Fajar,services,236,no,yes,single,2,0.7068,Warm Lead,pending,81344796017,198
630,Erlangga Jaya,entrepreneur,228,no,yes,married,1,0.7052,Warm Lead,pending,81155790025,99
822,Tommy Fadillah,technician,128,yes,no,married,1,0.7042,Warm Lead,pending,85283025508,301
988,Hadi Pratama,management,194,yes,no,married,2,0.7031,Warm Lead,pending,85266458382,334
891,Nico Fadillah,services,24,yes,no,married,2,0.7005,Warm Lead,pending,85200188577,155
916,Naufal Kurniawan,services,138,no,yes,married,3,0.6983,Warm Lead,pending,81249750514,50
395,Hendra Eka,management,220,no,yes,single,2,0.6959,Warm Lead,pending,82201246620,337
823,Vina Raharjo,services,297,no,yes,single,2,0.6956,Warm Lead,pending,81174090248,112
465,Jasmine Suharto,blue-collar,379,yes,yes,married,2,0.6897,Warm Lead,pending,81327917446,69
470,Ongki Firmansyah,blue-collar,82,no,yes,married,1,0.6872,Warm Lead,pending,85243708457,180
545,Winda Mahendra,admin.,244,yes,yes,married,2,0.6868,Warm Lead,pending,81381927797,241
858,Indah Firmansyah,blue-collar,2299,no,yes,married,1,0.683,Warm Lead,pending,85229968074,299
233,Maya Cahya,services,546,yes,yes,married,1,0.6778,Warm Lead,pending,82245702919,111
558,Muchtar Irawan,management,72,no,yes,married,3,0.6755,Warm Lead,pending,85333390266,240
290,Naufal Purnomo,blue-collar,3102,no,yes,divorced,1,0.6695,Warm Lead,pending,82351972195,275
476,Galih Galih,technician,606,no,yes,married,1,0.6652,Warm Lead,pending,81348831684,281
860,Eko Gunawan,housemaid,167,no,yes,married,3,0.6554,Warm Lead,pending,82233070400,90
570,Ratna Galih,housemaid,167,no,yes,married,3,0.6554,Warm Lead,pending,82173590757,50
245,Tommy Hermawan,management,1072,no,yes,married,2,0.6425,Warm Lead,pending,82221556010,407
261,Cika Darmawan,technician,199,yes,yes,married,2,0.6384,Warm Lead,pending,82154281331,297
48,Bunga Mahendra,admin.,390,yes,yes,married,1,0.6356,Warm Lead,pending,85211200024,224
151,Aditya Nugroho,blue-collar,6483,no,yes,single,2,0.6321,Warm Lead,pending,81327205606,305
809,Vina Purnomo,admin.,771,yes,no,married,3,0.6301,Warm Lead,pending,82298996729,353
648,Lusi Sutanto,admin.,445,no,yes,married,2,0.6128,Warm Lead,pending,81262827795,224
913,Rina Ibrahim,management,60,no,yes,married,2,0.6116,Warm Lead,pending,81217814458,252
260,Intan Wijaya,blue-collar,971,no,yes,single,1,0.6093,Warm Lead,pending,82351837005,278
589,Wahyu Kusuma,technician,778,no,yes,single,2,0.6023,Warm Lead,pending,85343059075,435
401,Wayan Handoko,technician,523,yes,yes,married,1,0.5976,Warm Lead,pending,81339236619,317
298,Firman Sutanto,management,107,yes,yes,married,1,0.5839,Warm Lead,pending,82331425272,203
744,Cinta Irawan,services,250,no,yes,single,1,0.5818,Warm Lead,pending,85291701627,154
325,Wayan Rizki,admin.,70,no,yes,married,2,0.5739,Warm Lead,pending,82108236976,238
319,Pandu Budiman,retired,101,yes,yes,single,1,0.5672,Warm Lead,pending,85395110294,198
641,Chandra Yusuf,blue-collar,95,no,yes,married,1,0.5612,Warm Lead,pending,85329280373,64
540,Kurnia Hidayat,blue-collar,965,no,yes,married,2,0.5598,Warm Lead,pending,85295572368,283
36,Andi Irawan,technician,472,yes,yes,married,1,0.5591,Warm Lead,pending,81204422658,341
789,Kurnia Hakim,services,292,no,yes,married,3,0.5564,Warm Lead,pending,82352065564,99
845,Johan Yusuf,blue-collar,105,yes,no,married,2,0.5476,Warm Lead,pending,81205317213,53
478,Tia Kurniawan,management,220,no,yes,single,2,0.5454,Warm Lead,pending,85311738788,248
242,Anggi Kurniawan,services,52,no,yes,married,1,0.5375,Warm Lead,pending,82259000382,172
783,Sinta Irawan,admin.,348,yes,yes,married,3,0.5348,Warm Lead,pending,81213358518,198
844,Lina Rahman,technician,461,no,yes,married,2,0.534,Warm Lead,pending,81307573640,278
550,Zahra Jaya,admin.,284,no,yes,married,3,0.5279,Warm Lead,pending,81192610830,146
212,Bella Suharto,management,1667,no,yes,married,2,0.5185,Warm Lead,pending,82298425989,414
75,Gita Utama,management,1598,yes,yes,married,3,0.5171,Warm Lead,pending,85398242723,429
703,Muchtar Pamungkas,admin.,756,no,yes,married,2,0.5114,Warm Lead,pending,81301022874,520
442,Galih Suryanto,management,928,no,yes,married,1,0.5078,Warm Lead,pending,85232738755,508
329,Qonita Nugroho,services,14,no,yes,single,1,0.5056,Warm Lead,pending,82179264941,130
350,Nisa Hermawan,blue-collar,237,no,yes,married,3,0.4975,Warm Lead,pending,82134969274,60
461,Dewi Setiawan,services,262,no,yes,single,1,0.4975,Warm Lead,pending,81285257830,184
207,Anggi Dharma,blue-collar,2044,yes,yes,married,1,0.4974,Warm Lead,pending,82191573819,263
506,Chandra Firmansyah,retired,350,yes,no,married,1,0.4946,Warm Lead,pending,85622876468,66
764,Emma Santoso,blue-collar,1020,no,yes,married,1,0.49,Warm Lead,pending,85305788120,383
356,Intan Hendra,blue-collar,152,no,yes,single,3,0.4784,Warm Lead,pending,82178220276,72
509,Vera Cahya,services,2048,no,yes,married,2,0.4752,Warm Lead,pending,85360890754,300
887,Ongki Pratama,technician,194,yes,yes,single,1,0.4709,Warm Lead,pending,82218673740,211
123,Dewi Purnomo,technician,44,no,yes,married,2,0.47,Warm Lead,pending,81245418322,248
343,Putri Raharjo,technician,196,yes,yes,married,1,0.4688,Warm Lead,pending,82319448614,256
281,Jasmine Fadillah,entrepreneur,264,no,yes,married,2,0.4602,Warm Lead,pending,82331399476,61
874,Muchtar Susanto,blue-collar,2330,no,yes,single,1,0.4595,Warm Lead,pending,85645875397,364
633,Bella Wijaya,retired,2059,yes,no,married,1,0.4568,Warm Lead,pending,81179186748,282
80,Putri Hakim,services,279,no,yes,married,1,0.4515,Warm Lead,pending,85387338615,58
137,Bella Hermawan,technician,280,no,yes,single,3,0.4511,Warm Lead,pending,82376209011,229
663,Zella Yusuf,blue-collar,349,no,yes,married,1,0.4469,Cold Lead,pending,81399130451,54
685,Budi Santoso,entrepreneur,15,yes,no,married,2,0.445,Cold Lead,pending,85331380473,139
955,Maulana Purnomo,management,261,no,yes,married,2,0.4416,Cold Lead,pending,85344202639,329
77,Prita Setiawan,services,207,no,yes,divorced,1,0.4341,Cold Lead,pending,81274820734,153
876,Dina Ramadan,management,34,yes,yes,married,3,0.4141,Cold Lead,pending,85653302153,214
508,Ahmad Darmawan,blue-collar,363,no,yes,married,1,0.4081,Cold Lead,pending,82124135869,194
539,Kartika Cahya,management,816,no,yes,single,3,0.393,Cold Lead,pending,81215218679,301
146,Qomar Utama,services,603,yes,yes,single,2,0.3888,Cold Lead,pending,85645888616,171
684,Lukman Anggara,admin.,142,yes,yes,married,3,0.3819,Cold Lead,pending,81333574389,232
932,Gina Rizki,technician,122,no,yes,married,2,0.379,Cold Lead,pending,81319879821,337
351,Rudi Hendra,admin.,35,yes,yes,married,2,0.3637,Cold Lead,pending,82380394381,202
972,Darma Nugroho,services,41,yes,yes,married,2,0.362,Cold Lead,pending,85652101750,77
328,Indah Jaya,admin.,15,yes,no,single,1,0.361,Cold Lead,pending,82144560171,299
169,Nisa Rizki,technician,303,no,yes,married,1,0.3553,Cold Lead,pending,85699375069,273
475,Meylani Rahman,blue-collar,1205,no,yes,single,1,0.3502,Cold Lead,pending,82182004635,374
299,Jasmine Kurniawan,entrepreneur,938,yes,no,married,2,0.3489,Cold Lead,pending,81251454708,335
784,Ilham Darmawan,services,254,no,yes,married,2,0.3456,Cold Lead,pending,85371200456,79
614,Olivia Bayu,technician,5560,yes,yes,married,3,0.3414,Cold Lead,pending,82274628825,334
979,Wayan Wicaksono,technician,3,yes,yes,married,3,0.3381,Cold Lead,pending,82316396476,210
386,Budi Eka,blue-collar,1207,no,yes,married,2,0.3375,Cold Lead,pending,81139728518,369
728,Tiara Rizki,management,73,no,yes,married,2,0.3373,Cold Lead,pending,85206384702,244
58,Olivia Bayu,blue-collar,1063,yes,no,married,3,0.3348,Cold Lead,pending,82139008254,253
852,Gina Santoso,self-employed,52,no,yes,married,1,0.3338,Cold Lead,pending,85389387757,77
61,Putri Gunawan,blue-collar,139,yes,yes,married,2,0.3252,Cold Lead,pending,85258531472,64
588,Lutfi Wibowo,blue-collar,235,no,yes,married,1,0.3219,Cold Lead,pending,81263638633,161
57,Nisa Raharjo,blue-collar,940,no,yes,single,1,0.3131,Cold Lead,pending,81239528567,287
976,Yuli Purnomo,blue-collar,206,no,yes,single,3,0.3125,Cold Lead,pending,82166731878,50
415,Oki Hendra,management,1650,no,yes,single,1,0.312,Cold Lead,pending,85246968656,405
794,Pandu Handoko,technician,96,yes,yes,married,2,0.3112,Cold Lead,pending,85326064525,314
585,Usman Purnomo,technician,1314,yes,yes,single,2,0.3099,Cold Lead,pending,81112795406,530
51,Fajar Galih,blue-collar,304,no,yes,married,2,0.3077,Cold Lead,pending,85301255093,135
628,Qori Setiawan,services,1347,yes,no,divorced,2,0.3015,Cold Lead,pending,81260429766,250
91,Nisa Saputra,entrepreneur,127,yes,no,married,1,0.298,Cold Lead,pending,85629304092,194
974,Hani Ibrahim,blue-collar,89,no,yes,married,2,0.297,Cold Lead,pending,81347506371,161
153,Oscar Darmawan,services,5780,no,yes,married,2,0.2942,Cold Lead,pending,85381291294,307
267,Haris Susanto,technician,210,yes,yes,married,1,0.2879,Cold Lead,pending,82397480180,252
145,Yessi Putra,services,283,no,yes,married,2,0.2876,Cold Lead,pending,85384207996,61
30,Zella Santoso,management,2412,no,yes,single,2,0.2875,Cold Lead,pending,82212231749,423
853,Erlangga Rizki,entrepreneur,330,yes,no,married,1,0.2839,Cold Lead,pending,85668061145,88
220,Tiara Kurniawan,services,1155,yes,no,divorced,1,0.2835,Cold Lead,pending,81337682793,295
699,Kemal Gunawan,admin.,1098,no,yes,married,2,0.2786,Cold Lead,pending,85312499373,408
673,Lukman Mahendra,management,12855,no,yes,married,1,0.2765,Cold Lead,pending,81306671295,421
368,Putra Wijaya,blue-collar,1232,yes,no,married,3,0.268,Cold Lead,pending,82103044053,228
598,Aditya Eka,services,311,yes,yes,married,3,0.2626,Cold Lead,pending,82379748587,50
690,Wahyu Gunawan,technician,1072,yes,no,married,1,0.2587,Cold Lead,pending,81290032249,500
430,Bella Dharma,blue-collar,134,yes,yes,married,2,0.2514,Cold Lead,pending,82280846926,194
938,Zahra Kurniawan,management,641,no,yes,single,1,0.2512,Cold Lead,pending,85682107880,436
259,Dewi Purnomo,blue-collar,253,yes,yes,married,2,0.244,Cold Lead,pending,85302411502,115
284,Kartika Setiawan,management,625,no,yes,married,1,0.2419,Cold Lead,pending,82360798121,509
128,Rina Raharjo,self-employed,131,no,yes,married,1,0.2408,Cold Lead,pending,82235766760,78
301,Emma Santoso,blue-collar,115,yes,yes,married,3,0.2386,Cold Lead,pending,81301167035,62
81,Gita Gunawan,technician,371,yes,yes,married,1,0.2361,Cold Lead,pending,82186196698,237
584,Gina Raharjo,blue-collar,139,no,yes,divorced,1,0.2317,Cold Lead,pending,85397765572,113
52,Julia Maulana,retired,14220,no,yes,married,1,0.2305,Cold Lead,pending,81132923483,380
17,Gita Putra,blue-collar,1219,no,yes,married,1,0.2258,Cold Lead,pending,85213930031,278
240,Lukman Kurniawan,blue-collar,97,no,yes,married,1,0.2125,Cold Lead,pending,82259091559,175
520,Reza Nugroho,admin.,479,yes,yes,single,3,0.2119,Cold Lead,pending,85289803245,203
542,Ika Putra,self-employed,248,yes,no,married,1,0.2114,Cold Lead,pending,82360743972,82
275,Cika Rahman,blue-collar,1039,no,yes,married,2,0.2101,Cold Lead,pending,82212270243,285
591,Maulana Hermawan,services,25,yes,yes,married,3,0.2093,Cold Lead,pending,85625007038,50
253,Hani Gunawan,services,327,yes,yes,married,2,0.2091,Cold Lead,pending,81106779095,55
922,Wahyu Pamungkas,blue-collar,266,no,yes,married,1,0.2008,Cold Lead,pending,82233069388,167
39,Feni Wibowo,admin.,32,yes,no,married,1,0.1959,Cold Lead,pending,82328298703,314
930,Naufal Firmansyah,blue-collar,2071,yes,no,married,2,0.1929,Cold Lead,pending,85312259403,394
768,Lutfi Pamungkas,management,833,no,yes,single,1,0.1906,Cold Lead,pending,81148158290,512
166,Doni Handoko,blue-collar,3168,no,yes,married,2,0.1905,Cold Lead,pending,82354202672,395
264,Ratna Mahendra,blue-collar,2320,no,yes,married,1,0.1899,Cold Lead,pending,85649090643,305
6,Muchtar Darmawan,admin.,529,yes,yes,married,3,0.1871,Cold Lead,pending,82334650856,131
848,Bella Wicaksono,services,5885,no,yes,married,1,0.1858,Cold Lead,pending,85678938001,373
649,Yuli Purnomo,blue-collar,732,yes,yes,married,1,0.1795,Cold Lead,pending,82333316299,277
595,Nisa Wicaksono,blue-collar,1880,yes,no,single,1,0.1794,Cold Lead,pending,85247951818,319
7,Nanda Hidayat,services,266,yes,no,single,1,0.1792,Cold Lead,pending,85213243523,112
152,Lina Pamungkas,services,2416,no,yes,divorced,3,0.1767,Cold Lead,pending,81258755503,217
948,Uci Aditya,entrepreneur,475,yes,yes,married,1,0.1762,Cold Lead,pending,85327269289,54
532,Hendra Ismail,admin.,428,yes,yes,single,1,0.1724,Cold Lead,pending,81295966470,339
138,Diah Saputra,technician,765,yes,yes,married,2,0.1689,Cold Lead,pending,81243853150,416
43,Feni Mahendra,self-employed,3698,no,yes,married,1,0.1687,Cold Lead,pending,85607416185,330
940,Maulana Galih,admin.,341,yes,yes,single,2,0.1664,Cold Lead,pending,81206499470,346
206,Ratna Ismail,self-employed,289,no,yes,married,1,0.1657,Cold Lead,pending,85652637620,112
945,Citra Pamungkas,blue-collar,273,no,yes,married,1,0.1608,Cold Lead,pending,82229058253,182
710,Lusi Susanto,blue-collar,1406,yes,yes,married,2,0.1595,Cold Lead,pending,82158558910,276
214,Olivia Bayu,blue-collar,5795,no,yes,married,2,0.1573,Cold Lead,pending,85631540494,304
560,Wayan Setiawan,blue-collar,1374,no,yes,married,1,0.1531,Cold Lead,pending,82175255064,389
357,Qomar Wijaya,services,216,no,yes,married,3,0.1517,Cold Lead,pending,85270045446,50
362,Citra Nugroho,services,6,yes,yes,married,2,0.1478,Cold Lead,pending,82247512238,95
38,Jaya Laksana,blue-collar,2355,yes,yes,married,3,0.1444,Cold Lead,pending,85631760592,157
698,Wahyu Setiawan,technician,265,yes,yes,single,1,0.1438,Cold Lead,pending,81189648680,275
505,Gita Irawan,technician,994,yes,yes,married,1,0.1433,Cold Lead,pending,85349130639,502
441,Intan Ismail,technician,1861,no,yes,single,1,0.1402,Cold Lead,pending,85655159254,420
399,Indah Raharjo,blue-collar,1139,no,yes,single,1,0.139,Cold Lead,pending,81330668858,323
272,Yessi Raharjo,blue-collar,992,yes,yes,single,2,0.1309,Cold Lead,pending,85397470435,250
326,Made Pamungkas,admin.,39,yes,yes,married,1,0.1299,Cold Lead,pending,85258478400,347
474,Hadi Rahman,technician,450,yes,yes,married,1,0.1291,Cold Lead,pending,85300873565,338
751,Farah Sutanto,blue-collar,462,yes,yes,single,1,0.128,Cold Lead,pending,81262304291,160
877,Ani Fadillah,services,43,yes,no,divorced,1,0.1278,Cold Lead,pending,81289808495,160
160,Bunga Rahman,technician,267,no,yes,married,2,0.1271,Cold Lead,pending,85285967595,277
923,Lusi Irawan,blue-collar,4795,no,yes,married,1,0.1257,Cold Lead,pending,81371524631,350
393,Hani Suharto,technician,433,no,yes,single,2,0.1252,Cold Lead,pending,81134856262,304
413,Made Hendra,blue-collar,381,yes,yes,married,1,0.1246,Cold Lead,pending,85234889600,85
125,Aditya Dharma,blue-collar,1437,no,yes,married,1,0.1211,Cold Lead,pending,81381888970,348
952,Hesti Budiman,technician,1199,yes,yes,married,2,0.1201,Cold Lead,pending,81151675099,426
55,Nisa Budiman,admin.,957,yes,yes,married,3,0.1192,Cold Lead,pending,82184257954,382
64,Kurnia Putra,services,714,yes,yes,married,1,0.1181,Cold Lead,pending,85296014688,266
318,Tia Ramadan,services,335,yes,yes,single,1,0.115,Cold Lead,pending,82220026428,88
680,Prita Purnomo,entrepreneur,136,yes,yes,married,2,0.1126,Cold Lead,pending,81300539767,109
45,Winda Dharma,blue-collar,251,no,yes,married,1,0.1111,Cold Lead,pending,85670229690,96
456,Ayu Utama,technician,532,yes,yes,married,1,0.1108,Cold Lead,pending,85239241523,203
666,Putra Hakim,admin.,1042,no,yes,married,1,0.1057,Cold Lead,pending,81125217214,421
398,Reza Dharma,services,4157,no,yes,married,1,0.1042,Cold Lead,pending,81326248233,334
737,Elsa Purnomo,blue-collar,288,no,yes,married,2,0.1015,Cold Lead,pending,81184948109,153
361,Farah Saputra,blue-collar,1822,no,yes,single,1,0.1008,Cold Lead,pending,82267382796,368
990,Jaya Kusuma,retired,1894,no,yes,married,1,0.0982,Cold Lead,pending,85214617833,335
418,Tiara Susanto,blue-collar,1329,yes,yes,married,1,0.0959,Cold Lead,pending,81273031180,308
551,Umi Rizki,blue-collar,294,no,yes,married,2,0.0941,Cold Lead,pending,85216845055,192
352,Muchtar Dharma,services,135,yes,yes,divorced,1,0.0934,Cold Lead,pending,85676241993,104
754,Wahyu Putra,blue-collar,206,yes,yes,married,3,0.0915,Cold Lead,pending,81314594497,50
824,Muchtar Handoko,blue-collar,837,yes,yes,married,1,0.0837,Cold Lead,pending,82169362303,292
796,Oscar Fajar,admin.,465,yes,yes,single,1,0.0828,Cold Lead,pending,82209065215,233
144,Oscar Firmansyah,admin.,1293,no,yes,married,3,0.0818,Cold Lead,pending,85626760597,410
425,Hadi Fadillah,technician,688,yes,yes,divorced,1,0.0816,Cold Lead,pending,81347699624,493
515,Ratna Hermawan,blue-collar,48,no,yes,divorced,2,0.0754,Cold Lead,pending,81189579425,183
79,Nico Wicaksono,blue-collar,271,no,yes,married,2,0.0734,Cold Lead,pending,82136898318,176
248,Dedi Raharjo,blue-collar,271,no,yes,married,2,0.0734,Cold Lead,pending,85666918571,175
639,Vino Purnomo,services,115,yes,yes,married,1,0.0725,Cold Lead,pending,82316186724,128
271,Vino Hermawan,management,633,yes,no,married,1,0.0714,Cold Lead,pending,82260469211,499
486,Pandu Rahman,admin.,88,yes,yes,married,2,0.0712,Cold Lead,pending,81122924717,343
910,Made Maulana,services,49,yes,no,divorced,1,0.0711,Cold Lead,pending,82392347747,146
864,Sigit Santoso,entrepreneur,2310,yes,yes,married,1,0.0702,Cold Lead,pending,81256936235,304
369,Hadi Pradana,management,2757,no,yes,single,2,0.0677,Cold Lead,pending,82395308132,423
74,Qonita Hermawan,admin.,139,yes,yes,married,1,0.0675,Cold Lead,pending,82153113471,328
44,Yessi Cahya,blue-collar,356,yes,yes,married,1,0.0661,Cold Lead,pending,85293732946,107
553,Uci Utama,blue-collar,3992,yes,yes,single,2,0.0646,Cold Lead,pending,82100137883,356
1000,Lina Handoko,technician,44,yes,yes,divorced,1,0.0625,Cold Lead,pending,81161896855,333
839,Ani Ibrahim,admin.,1807,yes,yes,married,1,0.062,Cold Lead,pending,81343279665,456
790,Evi Saputra,services,24,yes,yes,married,1,0.0611,Cold Lead,pending,81145424947,175
367,Kurnia Raharjo,blue-collar,105,no,yes,married,1,0.06,Cold Lead,pending,81380822274,140
296,Ahmad Mahendra,technician,368,yes,yes,married,2,0.057,Cold Lead,pending,85238285422,311
503,Vera Wibowo,blue-collar,951,no,yes,married,2,0.0553,Cold Lead,pending,81289653182,399
427,Bella Kurniawan,management,689,no,yes,married,1,0.0525,Cold Lead,pending,85337442160,503
995,Nico Putra,blue-collar,1230,no,yes,married,1,0.052,Cold Lead,pending,81371107230,284
682,Sinta Suryanto,retired,1521,yes,yes,married,2,0.0509,Cold Lead,pending,85313576780,394
72,Eko Fadillah,services,132,yes,yes,married,2,0.0505,Cold Lead,pending,81334197963,186
54,Bella Saputra,blue-collar,61,no,yes,married,1,0.0505,Cold Lead,pending,85210088427,85
21,Hesti Rahman,self-employed,202,no,yes,married,1,0.0498,Cold Lead,pending,81267212924,195
800,Bella Raharjo,blue-collar,223,no,yes,married,1,0.0476,Cold Lead,pending,85664823551,96
292,Made Suryanto,management,810,yes,yes,married,2,0.0472,Cold Lead,pending,82175849205,542
232,Gina Galih,services,14,yes,yes,married,1,0.0471,Cold Lead,pending,85308111478,193
856,Surya Hendra,services,340,yes,yes,married,1,0.0465,Cold Lead,pending,81315902512,101
201,Vino Cahya,services,8114,no,yes,married,1,0.044,Cold Lead,pending,81114590675,354
46,Chandra Hermawan,admin.,72,yes,yes,married,2,0.0431,Cold Lead,pending,81118650274,327
491,Dedi Darmawan,management,1692,no,yes,single,1,0.0413,Cold Lead,pending,81288315659,412
735,Zahra Suryanto,blue-collar,3259,no,yes,married,1,0.041,Cold Lead,pending,82116845857,350
400,Qori Laksana,blue-collar,154,yes,yes,married,1,0.0409,Cold Lead,pending,85369973896,178
250,Qonita Pratama,admin.,1286,no,yes,married,3,0.0407,Cold Lead,pending,85239659133,324
934,Chandra Pamungkas,blue-collar,56,yes,yes,divorced,2,0.04,Cold Lead,pending,82294169470,100
181,Jesica Mahendra,services,3870,no,yes,married,1,0.04,Cold Lead,pending,81200061142,299
287,Nanda Yusuf,management,527,yes,yes,married,2,0.039,Cold Lead,pending,82150791549,303
525,Udin Suryanto,blue-collar,285,yes,yes,married,1,0.0378,Cold Lead,pending,85679276334,83
975,Nico Kusuma,services,6346,no,yes,married,1,0.0368,Cold Lead,pending,82346320582,345
222,Zella Suharto,services,1269,no,yes,married,1,0.0361,Cold Lead,pending,85632651377,341
249,Ayu Utama,blue-collar,53,yes,yes,single,1,0.0342,Cold Lead,pending,81151218388,141
965,Qomar Irawan,services,309,yes,yes,married,1,0.0327,Cold Lead,pending,82247705505,111
969,Sari Pradana,technician,43,yes,yes,single,1,0.0321,Cold Lead,pending,82385662025,323
640,Ika Pradana,technician,56,yes,yes,married,2,0.029,Cold Lead,pending,85658164508,298
811,Hana Rahman,technician,1493,yes,yes,married,1,0.0286,Cold Lead,pending,82345907576,429
742,Kiara Gunawan,blue-collar,59,no,yes,married,1,0.0279,Cold Lead,pending,85376237120,197
806,Zahra Ibrahim,retired,3616,yes,no,married,2,0.0266,Cold Lead,pending,85693561656,358
997,Anggi Pradana,retired,1225,yes,yes,married,2,0.0264,Cold Lead,pending,81180193575,373
719,Prita Hendra,services,1864,no,yes,married,1,0.0253,Cold Lead,pending,85236190534,351
562,Eko Putra,blue-collar,120,no,yes,married,1,0.0237,Cold Lead,pending,85243456927,175
731,Fajar Suharto,blue-collar,992,yes,yes,married,3,0.0234,Cold Lead,pending,81234144346,184
255,Made Suryanto,services,2990,no,yes,married,1,0.0195,Cold Lead,pending,85661685109,285
866,Cika Utama,blue-collar,1127,yes,yes,married,1,0.0193,Cold Lead,pending,85224883048,307
24,Doni Budiman,blue-collar,120,no,yes,married,2,0.0188,Cold Lead,pending,85617424783,139
126,Gisela Rizki,management,1041,no,yes,married,2,0.0188,Cold Lead,pending,82106410802,528
389,Maulana Utama,blue-collar,326,yes,yes,married,1,0.0184,Cold Lead,pending,81144127852,75
246,Lusi Purnomo,management,839,yes,no,married,2,0.0171,Cold Lead,pending,81333297402,498
453,Udin Irawan,technician,525,yes,yes,married,1,0.0154,Cold Lead,pending,85671857825,285
216,Gisela Aditya,blue-collar,1480,no,yes,divorced,1,0.0137,Cold Lead,pending,82382154857,338
56,Bambang Anggara,services,180,yes,yes,married,3,0.0136,Cold Lead,pending,85628554054,50
67,Bambang Bayu,admin.,1046,no,yes,married,1,0.013,Cold Lead,pending,82348018958,496
729,Jesica Firmansyah,retired,1467,yes,no,married,2,0.0119,Cold Lead,pending,82366426271,390
159,Ayu Pradana,services,216,no,yes,single,3,0.0118,Cold Lead,pending,85224134041,53
674,Zahra Rahman,technician,629,yes,yes,single,2,0.0115,Cold Lead,pending,82142330068,490
659,Tommy Fajar,self-employed,167,yes,yes,married,1,0.0105,Cold Lead,pending,85297805726,165
304,Galih Ibrahim,blue-collar,7107,no,yes,married,2,0.0104,Cold Lead,pending,85612026112,379
178,Andi Susanto,blue-collar,190,yes,no,married,1,0.0102,Cold Lead,pending,85209715271,91
847,Gunawan Putra,services,118,yes,yes,single,3,0.0102,Cold Lead,pending,81126470685,86
354,Kiara Fajar,services,217,no,yes,single,3,0.0101,Cold Lead,pending,85603319122,76
610,Tia Suharto,services,48,yes,yes,single,1,0.0096,Cold Lead,pending,81358476850,139
23,Maulana Aditya,self-employed,744,yes,yes,married,3,0.0092,Cold Lead,pending,85606744993,289
19,Krisna Purnomo,blue-collar,1233,no,yes,married,1,0.009,Cold Lead,pending,85213948052,323
861,Zella Rizki,blue-collar,156,no,yes,married,3,0.009,Cold Lead,pending,81155607405,88
636,Wayan Wijaya,blue-collar,5241,no,yes,married,1,0.0089,Cold Lead,pending,81141179434,353
184,Nanda Mahendra,admin.,483,yes,yes,single,2,0.0089,Cold Lead,pending,81345586668,329
835,Lutfi Eka,technician,296,yes,yes,married,1,0.0078,Cold Lead,pending,85247362619,316
966,Vina Utama,blue-collar,141,no,yes,married,3,0.0076,Cold Lead,pending,82192805498,82
722,Wulan Wicaksono,blue-collar,130,no,yes,married,3,0.0072,Cold Lead,pending,82138507392,92
136,Ayu Hidayat,blue-collar,175,no,yes,married,2,0.0069,Cold Lead,pending,85665859644,192
489,Ika Hakim,blue-collar,62,no,yes,married,3,0.0069,Cold Lead,pending,81397138210,50
951,Nanda Suryanto,blue-collar,64,no,yes,married,2,0.0057,Cold Lead,pending,85288771294,62
765,Gita Bayu,blue-collar,748,yes,yes,married,1,0.0052,Cold Lead,pending,82163442041,303
197,Fitri Hendra,admin.,50,yes,no,married,1,0.0051,Cold Lead,pending,81235804396,337
8,Yanto Hidayat,blue-collar,169,no,yes,married,3,0.0049,Cold Lead,pending,85267653760,89
675,Bunga Wijaya,housemaid,1280,yes,no,married,1,0.0048,Cold Lead,pending,81110929318,354
808,Maya Ismail,management,15423,yes,yes,married,2,0.0047,Cold Lead,pending,82299471905,414
29,Prita Anggara,technician,264,yes,yes,married,1,0.0047,Cold Lead,pending,85673231433,304
11,Krisna Firmansyah,self-employed,3800,yes,no,married,1,0.0046,Cold Lead,pending,81113716105,336
961,Jaya Kurniawan,self-employed,188,yes,yes,married,3,0.003,Cold Lead,pending,85684629356,50
223,Ratna Setiawan,admin.,1114,yes,yes,married,2,0.0027,Cold Lead,pending,82357720843,498
902,Nico Setiawan,blue-collar,15740,no,yes,married,2,0.0024,Cold Lead,pending,85221113561,378
338,Udin Santoso,admin.,710,yes,yes,married,2,0.002,Cold Lead,pending,82230713084,499
660,Qonita Cahya,services,3409,no,yes,married,1,0.0017,Cold Lead,pending,82364786497,334
613,Olivia Kusuma,services,20541,yes,no,divorced,2,0.0017,Cold Lead,pending,81210464630,286
353,Winda Mahendra,blue-collar,1522,yes,yes,married,1,0.0015,Cold Lead,pending,82177173313,386
241,Iwan Fadillah,blue-collar,1343,yes,yes,married,2,0.0013,Cold Lead,pending,81214938927,386
989,Vina Permana,services,773,yes,yes,single,1,0.0012,Cold Lead,pending,82396184207,289
168,Bella Bayu,blue-collar,1394,no,yes,married,1,0.001,Cold Lead,pending,81374932128,398
863,Hesti Dharma,entrepreneur,1049,yes,yes,single,1,0.0009,Cold Lead,pending,81367424341,324
397,Firman Permana,management,363,yes,yes,married,1,0.0008,Cold Lead,pending,82349181497,329
711,Vino Santoso,management,2907,no,yes,single,1,0.0007,Cold Lead,pending,85280154330,426
86,Vino Ismail,blue-collar,801,yes,yes,married,2,0.0005,Cold Lead,pending,81348054610,393
